0.205605,0.0967111,0.896526
-0.287925,0.19228,0.923693
0.11581,0.120231,0.801994
0.118878,0.116783,0.802279
0.0192713,0.221183,0.667156
0.220108,0.393971,1.45747
0.0256884,0.203754,0.699329
-0.156021,0.198344,1.41775
-0.196661,0.175238,1.03312
-0.212495,0.183607,1.06561
-0.228686,0.162961,1.03176
-0.228654,0.157331,1.01167
-0.315913,0.217201,0.847677
-0.076927,0.158433,0.515691
-0.264392,0.038941,1.48694
-0.125249,0.18647,0.605089
-0.30903,0.216482,0.858772
-0.277144,0.214063,0.898357
-0.332426,0.243085,1.06238
-0.329022,0.226435,1.02445
-0.155189,0.191309,0.611264
-0.130044,0.131835,1.09337
-0.231484,0.083939,1.03804
-0.0189311,0.115965,1.25683
0.00987404,0.104805,0.865507
-0.121173,0.0743012,1.34321
-0.20463,0.190763,1.02992
-0.196863,0.177321,1.03687
-0.124626,0.135485,0.658755
-0.153854,0.183911,1.11103
-0.131322,0.168352,1.06869
-0.220296,0.17557,1.05191
-0.205004,0.162723,1.07007
-0.0978598,0.153665,1.17331
-0.0709971,0.124319,0.748121
-0.0638758,0.163469,1.07576
-0.318046,0.155979,1.00656
0.106523,0.222721,0.860128
0.284647,0.278789,1.23783
0.140358,0.202981,0.857546
0.0546548,0.308131,0.914831
0.303108,0.178869,1.06021
0.31343,0.072758,1.07797
0.262373,0.264498,1.04144
-0.309463,0.189812,0.937572
0.00394293,0.0478952,1.21073
-0.152334,0.200123,0.601772
-0.112666,0.219412,0.56462
-0.242939,0.0140768,1.47337
0.0195336,0.104394,0.870863
0.197298,0.0602715,1.18339
-0.352466,0.309002,1.00974
0.0048875,0.101095,1.23429
0.0111999,0.0783222,1.23177
0.00697642,0.0753831,1.23601
-0.14139,0.204448,1.39869
-0.325633,0.111639,0.89547
-0.279934,0.136143,0.917422
0.127963,0.196908,0.847446
0.0312403,0.273984,0.745689
0.0605554,0.37461,0.980513
0.161851,0.357279,0.955955
0.232273,0.312376,0.997049
0.228691,0.305986,0.989846
0.233646,0.083479,0.921443
0.171772,0.10462,0.855867
0.0311301,0.146381,0.6855
0.14993,0.121873,0.833992
-0.120667,0.166324,1.11304
-0.00173053,0.1411,1.23472
-0.126708,0.139337,1.18933
-0.271725,0.324183,0.924369
-0.0333901,0.0392924,1.32121
-0.070089,0.158522,0.521288
-0.122733,0.110591,1.22489
-0.345991,0.206292,0.999869
-0.111868,0.0962687,1.17952
-0.337135,0.163893,1.00493
-0.193582,0.107799,0.985686
-0.120497,0.128639,1.11742
-0.134909,0.110226,1.20777
-0.233549,0.164798,1.04514
-0.466998,0.271824,0.922132
-0.206109,0.117144,1.02489
-0.263864,0.208527,0.973629
-0.128016,0.105323,1.1706
-0.416255,-0.217339,0.668448
0.116404,0.130068,0.766366
-0.312234,0.224421,0.90196
-0.053775,0.12079,0.776664
-0.269981,0.209401,0.925884
-0.426008,-0.234133,0.643635
-0.579311,-0.288568,0.692607
-0.338962,0.00505608,0.678798
-0.373022,-0.251557,0.711809
-0.448556,-0.245992,0.638813
-0.454393,-0.25099,0.654439
-0.434935,-0.245385,0.653371
-0.394964,-0.208249,0.619556
-0.497105,0.362196,0.987509
-0.407329,-0.248618,0.671237
-0.510081,-0.267414,0.710546
-0.415448,-0.230624,0.633413
-0.389775,-0.21211,0.652367
-0.529061,-0.255859,0.697858
-0.407873,-0.232333,0.683626
-0.46192,-0.218881,0.656527
-0.384688,-0.227367,0.698223
0.0279318,0.0960025,0.844564
-0.286491,0.116991,0.669712
-0.451228,-0.228043,0.703376
-0.389472,-0.207192,0.615336
0.110187,0.158987,0.803465
0.0726858,0.0812671,0.711958
-0.023288,0.00182503,0.690221
0.0338677,0.165379,0.784985
0.0722522,0.135244,0.916118
-0.402658,-0.245412,0.727214
-0.484274,-0.218645,0.707282
0.0104913,0.183249,0.79248
-0.460338,-0.309552,0.812061
0.0381319,0.116255,0.609689
0.105136,0.108285,0.779982
-0.506677,0.155637,0.616379
0.0739637,0.123498,0.72933
-0.453098,-0.246331,0.651673
0.0726624,0.131575,0.90214
-0.51208,-0.250396,0.703006
-0.40262,-0.214073,0.652623
-0.449748,-0.256788,0.693247
-0.420703,-0.214168,0.646481
-0.413563,-0.223095,0.700507
-0.469804,-0.255103,0.689934
0.0857355,0.0751321,0.679056
-0.418904,-0.232057,0.721659
-0.0345225,-0.409234,1.27068
-0.0361565,-0.396783,1.26107
-0.0360268,-0.413498,1.28572
0.0869208,0.0586005,0.616088
0.0161003,0.0943136,0.809117
0.0927634,0.0303016,0.501521
-0.0102023,0.143572,0.609935
-0.0615564,0.15985,0.54812
-0.0984418,0.162932,0.529437
-0.364198,0.214751,0.810011
-0.113454,0.232454,0.620792
-0.367274,0.230542,0.811803
-0.348701,0.251904,0.763086
-0.0480812,0.156007,0.54596
-0.119041,0.217488,0.590245
-0.113826,0.233149,0.622236
-0.0775076,0.160293,0.521807
-0.390221,0.209894,0.831014
-0.154393,0.203065,0.609916
-0.098207,0.163148,0.529344
-0.0481363,0.157557,0.533151
-0.0805069,0.164004,0.536093
-0.440534,0.261702,0.937745
-0.150475,0.198473,0.595739
-0.116832,0.213279,0.579144
-0.402652,0.146322,0.867664
0.0194382,0.221354,0.670404
-0.108726,0.191863,0.587025
-0.15191,0.200165,0.600439
-0.126635,0.186941,0.604575
-0.116676,0.204222,0.625009
-0.103083,0.171759,0.552111
-0.239178,0.283712,0.820814
0.0187623,0.220426,0.679723
-0.150443,0.223416,0.71311
0.0559632,0.203551,0.633113
-0.09615,0.153647,0.502051
0.181838,0.267035,1.09955
0.0183319,0.210894,0.647962
-0.0485744,0.149582,0.52064
-0.106696,0.18137,0.576524
-0.121069,0.17943,0.576174
-0.197298,0.171395,0.673616
-0.386971,0.228102,0.850167
-0.0877216,0.166852,0.528021
-0.381604,0.165429,0.803841
-0.140263,0.157465,0.56892
-0.358068,0.209786,0.793302
-0.110575,0.2277,0.606857
0.0239924,0.282922,0.860087
-0.0728412,0.148146,0.488035
-0.153768,0.188001,0.608771
-0.0688869,0.164712,0.550998
0.000855425,0.142371,0.63044
0.01269,0.124194,0.564997
-0.255905,0.304918,0.876874
-0.367094,0.308149,0.995462
-0.0676206,0.156872,0.525688
0.0809495,0.313242,0.906272
-0.108492,0.169153,1.06636
0.0256928,0.194172,0.67393
0.0780906,0.297863,0.860135
-0.259349,0.312332,0.898113
-0.0173442,0.137732,0.563282
0.0788558,0.162831,0.654897
0.104367,0.108721,0.756452
0.0511779,0.232649,0.713993
-0.02826,0.144402,0.572295
0.0502631,0.236264,0.722741
-0.147088,0.14404,0.656421
-0.369156,0.232444,0.81657
-0.36606,0.230361,0.811933
-0.346275,0.115962,0.765665
-0.0931171,0.172903,0.544678
-0.369878,0.213154,0.811626
0.0350088,0.144788,0.684884
-0.0162359,0.137379,0.567443
0.0538091,0.127638,0.678633
0.0914024,0.195351,0.775497
-0.313525,0.220037,0.867326
0.1172,0.181409,0.782713
0.104439,0.217376,0.783929
0.125156,0.309293,0.847176
0.114169,0.301661,0.834944
-0.0513184,0.155161,0.554105
0.0634178,0.222445,0.697417
-0.000260951,0.140803,0.620229
-0.363559,0.131195,0.784676
0.0320894,0.280492,0.763075
-0.0982357,0.162903,0.528693
-0.0513742,0.135437,0.90776
-0.401685,0.249779,0.854188
-0.432658,0.213268,0.883556
-0.445829,0.257826,0.91593
0.1383,0.292409,1.00711
-0.0782297,0.160138,0.522126
-0.0537021,0.149381,0.522291
0.143978,0.209374,0.883108
-0.232702,0.195983,0.961753
-0.217113,0.193917,1.03469
-0.148825,0.18323,0.592035
-0.238242,0.184301,0.858397
-0.147822,0.195983,0.586577
-0.0633194,0.155108,0.529247
0.0481579,0.233219,0.713112
0.0148772,0.119524,0.549863
-0.0158954,0.145359,0.603055
0.0151681,0.140333,0.654529
-0.0844557,0.122065,0.692726
-0.454877,0.26486,0.908875
-0.471427,0.267729,0.873816
-0.486137,0.288159,0.877941
-0.467954,0.278988,0.87058
-0.124777,0.183408,0.595523
-0.28137,0.186365,0.896974
0.0817386,0.240237,0.768539
0.0708109,0.110496,0.823108
0.328009,0.103952,1.05182
0.34614,0.274413,1.079
0.110456,0.114864,0.739883
-0.227408,0.158367,1.0195
0.344759,0.287346,1.22258
-0.12325,0.163288,1.02724
-0.127368,0.18175,1.24624
-0.322727,0.0714829,1.11064
-0.0835924,0.160669,1.18675
0.169609,0.131408,0.93726
-0.263817,0.313331,0.897904
-0.307671,0.188858,0.711375
0.0818288,0.168427,0.674529
0.22773,0.103026,0.972805
-0.222697,0.186161,0.919003
0.223259,0.171781,0.958504
-0.218596,0.191536,0.993442
0.162892,0.107823,0.84394
0.328389,0.301811,1.13823
0.0102641,0.141557,0.647209
-0.454459,0.280295,0.929445
-0.469074,0.28214,0.893147
-0.436928,0.204238,0.884133
-0.0640203,0.159118,0.538604
0.0307135,0.22862,0.648731
0.00904286,0.141156,0.64378
-0.120056,0.213302,0.643698
-0.00470591,0.133446,0.571404
-0.433527,0.270521,0.927148
-0.298377,0.211411,0.853117
-0.306182,0.214475,0.849434
0.114552,0.118945,0.751579
0.341776,0.281193,1.11123
0.319969,0.190131,1.11825
0.275896,0.146243,1.01236
-0.278328,0.129934,0.886864
0.353344,0.283903,1.10433
0.26919,0.273264,1.06845
0.228196,0.304609,0.987626
-0.0413282,0.153738,0.574246
0.108609,0.117378,0.797558
0.257612,0.231998,1.02334
0.333838,0.0792763,1.1016
0.265602,0.267107,1.04931
-0.0312273,0.104422,0.769564
-0.208397,0.182539,0.933372
0.316042,0.26294,1.1326
0.273255,0.141317,0.99123
0.027363,0.306352,0.833922
0.213136,0.284918,0.918269
-0.301997,0.18609,0.918625
0.0790667,0.11968,0.702771
-0.126187,0.13531,0.66647
0.163134,0.28177,1.0782
0.113626,0.121807,0.767263
0.23591,0.0932412,0.963247
-0.309236,0.148713,0.980663
-0.102716,0.139754,0.786176
-0.198374,0.1565,1.04669
-0.122084,0.22122,0.601317
-0.408336,0.130564,0.765962
0.106283,0.356261,1.01289
-0.06471,0.157634,0.53594
0.0492923,0.108782,0.839418
-0.0582413,0.154069,0.532978
0.318617,0.13552,1.11019
0.0854197,0.11285,0.815352
-0.118014,0.143005,1.17079
0.218839,0.181061,0.9576
0.119168,0.116432,0.801165
0.236096,0.314483,1.00855
0.332336,0.28971,1.10297
0.333729,0.306961,1.15662
0.0220367,0.134755,0.630339
0.178744,0.123555,0.942725
0.25085,0.333693,1.08299
-0.300084,0.211988,0.854984
-0.445695,0.259981,0.91194
-0.303111,0.221247,0.970537
-0.196364,0.187494,0.835949
-0.03841,0.153038,0.578482
-0.276312,0.212836,0.895252
-0.0355439,0.154545,0.590138
-0.0440838,0.152916,0.565959
0.131772,0.20521,0.879363
0.246915,0.319323,1.00367
-0.0436595,0.151851,0.549455
-0.102869,0.142213,0.784797
-0.0464121,0.152959,0.555251
0.0500532,0.267128,0.801856
0.0805895,0.310929,0.899321
-0.317615,0.219123,0.850638
-0.494147,0.327474,0.882583
0.0960925,0.205809,0.738015
-0.176239,0.15395,0.599677
-0.470254,0.265736,0.870986
-0.172304,0.163016,0.595569
-0.152449,0.186722,0.606245
0.128677,0.19798,0.840377
-0.462683,0.322527,0.873873
-0.467355,0.267755,0.887152
-0.014354,0.14093,0.588086
-0.489696,0.173999,0.855471
-0.47299,0.16706,0.852586
0.312126,0.0723661,1.07419
-0.232163,0.083444,1.03035
-0.32526,0.0726642,1.1123
0.340994,0.301865,1.12449
0.330562,0.0106434,1.03493
-0.00859255,0.131664,0.557687
0.107341,0.117726,0.796915
-0.0886967,0.127705,0.720088
0.103845,0.216598,0.841551
0.110847,0.114734,0.742735
-0.284486,0.340814,0.994416
-0.450614,0.206745,0.910657
0.315493,0.262457,1.11191
-0.655469,0.0999625,1.23778
0.222972,0.188586,0.945319
0.0749234,0.224889,0.723088
-0.0545438,0.158283,0.561383
-0.0353845,0.154391,0.589116
-0.0543031,0.154396,0.544072
-0.0383684,0.150905,0.571639
-0.282945,0.165642,0.89653
-0.277357,0.109955,0.863103
-0.0744635,0.128215,0.915864
-0.0973891,0.136504,1.18869
-0.14744,0.149724,0.704811
-0.056434,0.153218,0.537723
-0.298372,0.211234,0.854878
-0.36804,0.213183,0.80895
-0.329404,0.227682,1.04871
0.116011,0.120924,0.804059
-0.122618,0.134893,0.660644
-0.0454439,0.149223,0.51676
-0.0481588,0.15688,0.569652
0.116084,0.243102,0.846178
-0.00958276,0.128132,0.543468
0.0171631,0.143076,0.653448
0.163799,0.217081,0.901887
0.131049,0.202709,0.859783
-0.29691,0.104138,0.827721
-0.249536,0.203097,0.976188
0.245426,0.0930072,0.947989
0.33792,0.281667,1.1914
-0.244644,0.290359,0.843498
-0.280398,0.121822,0.946005
-0.445169,0.261803,0.943254
-0.474991,0.106812,0.902138
-0.435092,0.268098,0.894604
-0.0317481,0.112565,0.81154
0.122545,0.190959,0.818607
-0.0358733,0.0390911,1.3142
-0.118994,0.165624,1.11184
0.207237,0.0911203,0.87808
0.198195,0.0606647,1.18301
-0.236414,0.0431164,1.46918
0.130247,0.188947,0.8006
-0.315484,0.229952,1.01201
-0.344616,0.2344,1.05974
0.11763,0.243811,0.851694
0.30212,0.0716787,0.989173
0.307795,0.171161,1.07642
-0.121121,0.144446,1.1938
-0.438258,0.274271,0.937294
-0.452056,0.265381,0.923362
-0.321447,0.132056,1.1144
0.115157,0.118673,0.750479
-0.211813,0.0827645,0.99824
-0.79588,0.146092,1.89843
-0.103993,0.0884665,1.14899
-0.330367,0.114268,0.903013
0.231321,0.0675842,1.29344
-0.263885,0.0577923,1.48438
-0.130815,0.0788242,1.27454
-0.80725,-0.0980505,1.83595
0.00403897,0.101159,1.235
-0.144403,0.194954,1.42243
0.0107392,0.0793132,1.23662
-0.0274882,0.048449,1.29704
-0.0999346,0.189094,1.23647
-0.00853899,0.140441,0.59948
-0.0287633,0.151031,0.59398
-0.291157,0.197338,0.934642
0.143137,0.297815,1.03491
-0.280814,0.16476,0.886817
-0.0966468,0.130157,0.746259
-0.16036,0.192188,1.15016
-0.245164,0.199574,0.947854
0.213742,0.182773,0.938492
-0.0292896,0.140794,0.546999
-0.546839,-0.414442,1.42334
-0.282043,-0.0583269,1.46118
-0.513177,-0.4259,1.48145
-0.602152,-0.4366,1.54212
0.0428152,0.150753,0.72408
-0.0693648,0.150241,0.495934
-0.347602,0.303191,0.992228
-0.0341922,0.11362,0.800782
-0.0683259,0.159825,0.504797
0.269769,0.143323,0.992125
-0.0261638,0.150326,0.597169
-0.048399,0.178409,1.32604
-0.326747,0.110469,0.874922
-0.381442,0.0895844,1.19808
-0.74332,0.0387844,1.35273
-0.258412,0.214026,1.00319
-0.499436,-0.210763,0.706131
-0.932549,0.0998288,0.868425
-1.05713,-0.222844,0.629815
-1.05171,-0.093169,0.695181
-1.0011,-0.197141,0.671126
-0.904971,-0.239588,0.564398
-1.052,0.25115,0.784636
-0.892318,0.180998,0.881831
-0.630601,-0.499645,1.80799
-0.923999,0.140215,0.750765
-1.00577,0.163996,0.787461
-1.28342,0.0502745,0.996239
0.294793,0.101935,1.00306
-0.330528,0.164476,1.0725
-0.292151,0.127888,0.98288
-0.260671,0.101858,0.813406
-0.204675,0.19085,1.02935
-0.216606,0.195148,1.03642
-0.152432,0.181477,1.0968
-0.437949,0.317021,0.896033
-0.466733,0.278182,0.865496
-0.472267,0.155508,0.845478
-0.371921,0.152267,0.792677
-0.168623,0.159693,0.586125
-0.486216,0.273915,0.875948
-0.439514,0.315517,0.899128
-0.0228827,0.148262,0.597699
0.232186,0.0880094,0.897193
-0.175984,0.153174,0.597479
0.147007,0.102085,0.78089
0.30983,0.287345,1.08074
0.0105244,0.134001,0.598342
0.279065,0.341484,1.2024
0.337393,0.0109638,1.05874
-0.430558,0.211349,0.881723
-0.0927807,0.128879,0.712851
0.250797,0.187848,0.994399
-0.435851,0.211722,0.87208
-0.555047,-0.42058,1.50861
-0.262392,0.227576,1.01837
-0.676067,0.103828,1.27409
0.331253,0.275108,1.0814
-0.143869,0.195577,1.42947
-0.486162,0.28753,0.877455
0.000108924,0.100822,1.24084
-0.0985173,0.139798,1.19108
-0.203976,0.162871,1.0708
-0.608992,0.230649,1.22015
-0.21112,0.150741,1.02755
-0.232465,0.196878,0.954044
0.00490011,0.10295,0.866856
0.312096,0.283577,1.08793
-0.271513,0.209918,0.935195
-0.799039,-0.0971287,1.81394
0.00424943,0.0489793,1.20961
0.0117202,0.131848,0.597925
-0.133243,0.0829042,1.29028
-0.325079,0.224212,0.868942
0.333014,0.276954,1.17514
-0.148336,0.177576,1.07567
-0.303566,0.143194,1.00674
-0.662521,0.0447198,1.28494
-0.0711663,0.120185,0.746924
-0.725122,0.0359159,1.31514
-0.448943,0.274654,0.892139
0.194421,-0.0111599,1.19755
0.235256,0.163256,0.933807
-0.741619,0.0426095,1.30472
0.22194,0.0907951,0.860242
-0.00869899,0.150787,0.632745
-0.300354,0.215467,0.902622
-0.44014,0.250069,0.838621
0.0470336,0.130355,0.670732
-0.43356,0.213417,0.886479
-0.712649,0.0990211,1.31683
-0.12658,0.129465,1.07808
-0.124518,0.111295,1.23075
-0.474011,0.346374,0.971845
-0.675186,0.0651419,1.28961
-0.737312,0.0383232,1.34707
-0.0794079,0.163717,1.22005
0.327818,0.29174,1.0847
0.11082,0.151437,0.778774
0.0445217,-0.0244806,1.21756
-0.218298,0.0428364,1.35383
-0.127053,0.0732197,1.23268
-0.280906,0.221745,1.00675
-0.443809,0.265438,0.849205
-0.4388,-0.413431,1.43724
-0.45246,-0.426129,1.4818
-0.81801,-0.436522,1.77486
-0.527073,-0.41449,1.43042
-0.805117,-0.41651,1.49254
-0.252373,0.0983894,0.949773
0.0356957,0.139003,0.666008
0.319641,0.387704,1.37511
-0.389452,0.209514,0.82951
-0.887869,0.0856158,0.9885
-0.442141,-0.238765,0.647624
-0.494057,-0.240389,0.681131
-0.236968,0.0921308,0.946822
-0.249952,0.200207,0.955206
-0.309633,0.126885,1.02044
0.00683062,0.0705095,1.23182
-0.549588,-0.0831421,1.71006
-0.575202,-0.407536,1.382
-0.24779,0.0102129,1.37737
-0.278745,0.109559,0.976913
0.0437009,0.110402,0.858988
-0.350813,0.240264,1.09165
-0.464632,-0.303998,0.631282
-0.656028,-0.236801,0.301702
-0.494506,0.181193,0.574487
-0.600837,0.190512,0.487718
-0.426817,-0.225857,0.687006
-0.243008,0.195361,0.936663
-0.718823,0.10022,1.32756
-0.00175492,0.139491,1.23441
-0.362117,0.305293,0.989819
-0.830944,-0.434153,1.79906
-0.425226,-0.357168,1.51624
-0.587531,-0.429895,1.51786
-0.453826,-0.41585,1.45118
-0.0300837,-0.397988,1.26678
0.242767,0.314123,0.98634
0.154623,0.108406,0.831497
-0.25368,0.192613,0.911805
-0.212367,0.185265,0.963566
-0.124382,0.13474,0.660038
0.3399,0.271427,1.11603
0.22684,0.122635,0.912829
-0.58016,0.134165,1.10044
-0.689151,0.107646,1.27478
-0.680838,0.0913011,1.30352
-0.689485,0.0931672,1.29876
-0.0180586,0.115525,1.25575
-0.052377,0.152768,0.546857
-0.659612,0.100325,1.26764
-0.0419679,0.157426,1.20666
-0.578843,0.220163,1.16364
-0.630486,0.0946192,1.19434
-0.454282,0.263485,0.907406
-0.165611,0.156043,0.577216
-0.159692,0.158325,0.576934
0.00553225,0.152316,1.24393
-0.411906,-0.228462,0.735316
0.00182289,0.107509,0.861096
-0.44196,-0.195063,0.18634
-0.84571,0.355886,0.259606
-0.835041,0.362253,0.248445
-1.24006,0.335453,0.528606
-0.738893,0.254724,0.522505
-1.72421,0.277408,0.764054
-0.209183,0.143237,1.02501
-0.265352,0.206885,0.959124
-0.148038,0.167593,0.582395
-0.409546,0.1346,0.766585
-0.738193,-0.191565,0.146817
-0.738966,-0.197159,0.187353
-0.734694,-0.191955,0.146042
-0.405606,0.139505,0.775994
-0.490719,0.159571,0.855162
-0.464944,-0.230525,0.778524
-0.034114,0.155492,0.59608
-0.404337,-0.307674,1.05617
-0.584158,-0.0876283,1.75453
-0.451999,-0.307536,1.07094
-0.631091,-0.413642,1.43241
-0.644826,-0.415338,1.43576
-0.423653,-0.220542,0.69049
-0.401946,-0.22779,0.737502
0.110163,0.117551,0.799887
-0.10325,0.184962,1.29022
-0.276911,0.111059,0.863494
-0.306322,0.105709,0.837771
-0.738682,0.0389143,1.35159
-0.701578,0.108757,1.29888
-0.460288,0.125298,0.789142
-0.835663,0.28238,1.05318
-0.257289,0.0489774,1.44393
0.0279968,0.133528,0.625599
-0.364675,0.128782,0.79161
-0.449712,0.25122,0.833137
-0.309645,0.192032,0.942986
-0.398484,0.164056,0.846907
-0.391372,0.276068,1.11644
-0.289979,0.115315,1.01998
-0.220187,0.174905,1.05023
-0.45026,0.327314,0.917247
0.172336,0.0950548,0.821858
-0.00454011,0.136555,0.580936
-0.44704,0.202676,0.903983
-0.440213,0.256415,0.900385
-0.397116,0.213386,0.842629
-0.455559,0.281779,0.932018
-0.263801,0.10854,1.04981
-0.23251,0.162547,1.04021
-0.126773,0.139862,1.19063
-0.489051,0.160542,0.851828
-0.642266,-0.403287,1.39071
-0.44362,-0.0715358,1.63069
-0.503794,-0.371278,1.17317
-0.470525,0.304994,0.857935
-0.142118,-0.0444728,1.44027
0.126277,-0.0148853,1.21718
-0.581155,-0.432984,1.47976
-0.117269,0.0660844,1.21857
0.271145,0.0624155,1.03039
0.0739229,0.111232,0.822556
-0.136647,0.139629,0.657575
-0.489129,0.318043,0.886677
-0.48351,0.273308,0.871666
-0.462775,0.104731,0.928773
-0.456593,0.278109,0.907338
0.106646,-0.0201013,1.20893
-0.489129,0.290584,0.882667
0.309514,0.28614,1.07714
-0.487493,0.160053,0.849508
0.105195,0.170892,0.775899
-0.506998,0.148994,0.853538
-0.373508,0.133927,0.800133
-0.666995,0.0623938,1.29818
0.170466,-0.0155535,1.31348
-0.653012,0.0513335,1.29303
-0.0791186,0.162104,1.21257
-0.674742,0.0907568,1.29518
-0.285451,0.111766,0.996815
-2.21724,0.407443,1.36751
-1.08382,-0.185321,0.614082
-1.2617,0.157003,0.328646
-0.833438,0.246352,1.07902
-0.263335,0.109896,1.05906
0.00329682,0.141476,1.25284
-0.840672,0.156385,1.54615
-0.447287,0.268239,0.854871
0.23534,0.0843113,0.92948
-0.291146,0.196898,0.781085
-0.484476,-0.418612,1.47223
-0.217042,0.196397,1.04035
0.030424,0.136361,0.627646
-0.0436423,0.154095,0.571722
0.023952,0.138173,0.667862
-0.1334,0.137196,0.642941
-0.10159,0.198943,1.33171
-0.666669,0.088497,1.25493
-0.142871,0.206668,1.40886
-0.218838,0.192122,1.0002
-0.11291,0.120364,1.03641
0.154691,0.204182,0.854803
0.094976,0.113942,0.811157
-0.100031,0.119419,1.19692
0.337079,0.00155147,1.16269
-0.209421,0.195283,1.04225
-0.3226,0.0711366,1.10503
0.00359944,0.15265,1.24265
-0.542373,-0.419853,1.50131
-0.045906,0.152743,0.546749
-0.668158,0.0856851,1.27657
0.00177957,0.104412,1.25193
0.039962,0.143177,0.692396
-0.258712,0.104405,0.895912
-0.369491,0.214389,0.813524
-0.108814,0.0657048,1.03959
0.203875,0.0887968,0.869273
0.113373,0.186485,0.823144
0.0106971,0.106172,0.865185
0.116543,0.191498,0.84022
-0.699918,0.0362478,1.29257
-0.323132,0.159955,1.06759
-0.678204,0.0665521,1.24562
-0.476173,0.108427,0.929217
-0.132305,0.0950755,1.26372
-0.230987,0.174072,1.13254
-0.431506,0.190041,0.87656
0.00971593,0.104581,0.862283
-0.475426,0.275022,0.944679
0.297814,0.175258,1.04205
-0.258037,0.0160297,1.55363
-0.78311,0.141708,1.86409
-0.644401,-0.429078,1.48722
0.207279,0.091675,0.885089
-0.704799,0.114145,1.29608
-0.533922,-0.427428,1.47778
-0.624324,-0.415526,1.44524
-0.185016,0.161424,0.651884
-0.270791,0.116284,0.911544
-0.682966,0.0849876,1.29819
-0.684609,0.0682434,1.30126
-0.692145,0.110988,1.31982
-0.440915,0.213502,0.880511
-0.733153,0.0697044,1.42292
-0.480634,0.11237,0.93936
-0.81374,0.147108,1.59842
-0.118502,0.0970623,1.15144
-0.700734,0.0685787,1.31259
-0.681962,0.0661631,1.25449
-0.235472,0.167248,1.06014
-0.278208,0.162534,0.88738
-0.667162,0.0632969,1.29793
-0.515313,-0.211893,0.696399
-0.484768,-0.263788,0.740151
0.240589,0.0908587,0.926545
-0.110839,0.0655261,1.22234
-0.293248,0.193475,0.996952
0.00558281,0.141393,1.24186
0.17439,0.23193,0.951625
0.220042,0.0848848,0.889813
-0.316304,0.217916,0.847895
-0.0633893,0.0333338,1.38301
-0.275417,0.108628,0.979838
0.306929,0.0872625,1.01668
-0.604482,-0.422192,1.47892
-0.557958,-0.409027,1.39517
-0.266277,0.0261064,1.49368
-0.63987,-0.482665,1.7312
0.279527,0.279391,1.09518
0.102466,0.114367,0.801745
-0.296267,0.117565,0.982652
-0.107033,0.0449929,1.06586
0.0627444,0.147768,0.751973
0.0464572,0.129347,0.670006
-0.436625,-0.300489,1.05213
0.124593,0.131382,0.806632
0.16302,-0.0139424,1.42583
-0.253048,0.0130958,1.49272
-0.606692,-0.453248,1.60183
-0.522571,-0.424105,1.50655
-0.627577,-0.405073,1.40062
-0.632964,-0.402771,1.3885
-0.289194,0.264291,1.13628
-0.112146,0.176794,1.1142
0.228357,0.190756,0.944764
-0.305535,0.189197,0.930665
0.306877,0.176357,1.07685
-0.429021,0.150087,0.796449
-0.234381,0.197817,0.966335
0.00696258,0.0726483,1.22862
-0.715989,0.0931734,1.30859
-0.305987,0.21483,0.85361
-0.454973,0.277754,0.909397
-0.209678,0.180964,1.03764
0.301468,0.161162,1.11174
-0.127348,0.116182,1.26556
0.28874,0.086238,0.968459
0.183503,0.0956037,0.849523
-0.0672867,0.1541,0.515421
-0.378977,0.129619,0.899019
-0.0474062,0.157076,0.553033
-0.276822,0.202803,0.895038
-0.265382,0.0252843,1.48813
-0.367286,0.307429,1.05422
-0.432143,0.255676,0.922371
0.0415285,0.105917,0.829115
-0.130396,0.135276,1.11896
-0.706698,0.0736795,1.29452
-0.86249,0.156866,1.69056
-0.497665,0.11194,0.950648
-0.653145,-0.428231,1.48293
-0.542653,-0.43296,1.51475
-0.51866,-0.415459,1.43747
-0.250295,0.0391879,1.47325
-0.516126,-0.42006,1.45671
-0.813164,-0.104648,1.83666
-0.558069,-0.409022,1.39509
-0.829974,-0.442943,1.80824
-0.26359,0.104715,0.992589
-0.0275513,0.0352094,1.28612
-0.673478,-0.426917,1.46821
-0.0363374,0.0391394,1.31843
-0.0257592,0.0461267,1.29743
-0.414592,0.131777,0.775948
-0.0495809,0.150006,0.540278
-0.0462877,0.155136,0.569579
-0.0421045,0.156022,0.580234
-0.276003,0.16463,0.935517
-0.40989,0.13206,0.769609
-0.280746,0.0984297,0.801772
0.00068867,0.137592,0.595503
-0.440731,0.320976,0.907795
0.0538234,-0.0256568,1.30544
-0.283863,0.27906,1.16829
-0.180643,0.154275,0.620438
-0.113554,0.15647,1.09182
-0.732122,0.0400882,1.29034
-0.0141792,-0.0310858,1.26453
-0.210177,0.179376,1.02299
-0.401818,-0.22734,0.729746
-0.310258,0.103201,0.79255
-0.405294,0.137403,0.775368
-0.00649534,0.146067,0.629615
-0.489783,-0.219081,0.678375
-0.260629,0.0160896,1.55564
-0.957261,-0.0624576,1.46235
-0.430873,-0.232059,0.662559
-0.439159,-0.2322,0.663321
0.109196,0.104219,0.750019
-0.0304167,-0.402382,1.28386
-1.01385,-0.0283409,1.50921
-0.25025,0.293154,1.16445
-0.0610042,0.236829,1.43692
-0.985938,-0.0191479,1.48926
-0.310434,0.267445,1.11742
-0.664508,0.0842009,0.123536
-0.624751,-0.201384,0.162908
-0.602303,-0.17677,0.127409
-1.05628,0.390453,0.309121
-0.904988,0.312991,0.268987
-0.43439,-0.191582,0.183736
-0.48642,-0.209595,0.20768
-0.000282954,0.149022,0.648649
-0.257355,0.293727,1.21334
-0.483373,-0.217389,0.670497
-0.686068,0.106253,1.27025
-0.740415,0.0402354,1.28881
-0.212854,0.196478,1.03849
-0.108825,0.0281372,1.40904
-0.308515,-0.0611278,1.49004
-0.272398,0.0122829,1.49956
-0.395292,-0.0681942,1.546
-0.126365,0.131838,1.09566
-0.379329,-0.0674043,1.56573
-0.250889,0.0264794,1.4744
-0.0970204,-0.0392073,1.40587
-0.751239,0.0448265,1.31429
-0.161133,0.258949,1.26584
-0.411065,-0.225433,0.721091
-0.484008,-0.220684,0.678084
-0.428435,-0.252619,0.782298
-0.223319,0.0871503,1.04638
-0.424614,-0.228672,0.683919
-0.129028,0.166049,1.05353
-1.99607,-0.0829749,1.09761
-1.61499,0.12921,0.882127
-1.01427,-0.0434976,0.54592
-1.63734,-0.0957521,0.901217
-1.20525,-0.26914,0.246723
-1.17502,-0.217631,0.420531
-0.0643755,0.0310279,1.37788
0.119352,0.113845,0.796706
-0.909645,0.109013,0.884999
-0.89635,0.13827,0.943016
-0.968326,0.115188,0.78255
-0.450274,0.274956,0.898742
-0.0163347,0.113298,1.23646
-0.230718,0.160913,1.0315
-1.20557,-0.180082,0.344883
-1.17214,-0.167441,0.541683
-0.748275,-0.197509,0.189635
-0.992157,-0.0619037,0.380787
-0.825416,-0.224359,0.221174
-0.899432,0.300893,0.184518
-0.274114,0.211788,0.891642
-0.11333,0.17907,1.12356
-0.098253,0.116446,1.17079
-0.0990937,0.117812,1.18483
0.13805,-0.0162387,1.18907
-0.677462,0.0919793,1.25151
-0.101012,0.0849365,1.12205
-0.128607,0.161611,1.18391
-0.988982,-0.364601,1.39539
-0.459723,-0.229551,0.635394
-0.404546,-0.234128,0.718469
-0.465887,0.104,0.763265
-0.480606,0.13205,0.816081
-0.842992,0.164992,0.628153
-0.797012,-0.0802806,0.333577
-1.06754,-0.108199,0.513011
-0.916086,-0.068099,0.513319
-0.785274,-0.0768946,0.423707
-1.33115,0.156089,0.377516
-0.604317,0.192363,0.488784
-1.21341,-0.261236,0.885498
-0.958693,0.10604,0.823608
-0.924238,0.101831,0.979214
-1.23943,0.0467152,0.964872
-0.352104,0.215093,0.809617
-0.704761,0.21205,1.2941
-0.323625,0.114207,0.941672
-0.200265,0.0888625,0.996392
-0.126997,0.0900106,1.21537
0.00500185,0.0493952,1.20944
-0.219228,0.171551,1.03952
-0.0600368,0.162805,0.564945
-0.993788,-0.207918,0.420507
-0.954288,-0.204935,0.403306
-0.697134,-0.221615,0.255738
-0.620163,-0.223915,0.287506
-0.903997,-0.0480605,0.610157
-0.70971,0.231038,0.395758
-0.90811,-0.194991,0.302377
0.0158947,0.107507,0.884268
-0.243831,0.197502,0.948479
-0.814246,-0.135248,1.84726
-0.131462,0.139572,1.14334
-0.685385,0.104838,1.31574
-0.0893516,0.16297,0.910485
-0.452393,0.104384,0.910593
-0.479895,0.140066,0.828625
0.131556,0.201033,0.861433
-0.069559,0.166604,1.23678
-0.263136,0.104892,0.997946
-0.0796417,0.0554225,1.19911
-0.11552,-0.0411866,1.40824
-0.525265,-0.42059,1.48478
-0.505195,-0.353573,1.59729
-0.399426,-0.231111,0.723055
-0.0641378,0.118604,0.746526
-0.475007,0.27138,0.903204
-0.233643,0.0943621,1.04132
-0.41743,-0.221063,0.692095
-0.281251,0.113973,0.878609
-0.405057,-0.248496,0.70849
-1.20005,-0.0733716,0.451895
-1.45581,-0.0737223,0.540668
-0.584342,-0.27801,0.51984
-0.584982,-0.293291,0.532729
-1.48405,-0.0560919,0.554376
-0.663413,-0.258863,0.38544
-1.02922,-0.197364,0.698251
-2.13746,-0.0416428,1.22588
-2.28608,-0.183689,1.24765
-0.758401,0.212568,0.978842
-0.71983,0.269104,0.324059
0.037029,0.131814,0.639956
-0.48513,0.172764,0.85365
-0.526268,0.195549,0.611516
-0.223052,0.155164,1.00358
-0.157489,0.186597,1.11475
0.307596,0.0841223,1.01655
0.160859,-0.0141096,1.19345
-0.069428,0.158586,0.528787
-0.44212,0.306299,0.837423
-0.595803,0.186612,0.480294
-0.604464,0.213075,0.498624
-0.599516,0.188694,0.48323
-0.246542,0.202007,0.969119
-0.250851,0.101786,1.01894
-0.0777026,0.134343,0.782611
-0.662204,0.174016,1.30512
-0.220944,0.196759,1.10561
-0.297697,0.213542,0.896088
0.00790433,0.140968,0.641197
-0.289166,0.26308,1.13353
-0.00841057,0.14572,0.620624
-0.706634,0.0978096,1.32891
-0.176609,0.153187,0.60688
-0.0937736,0.198604,1.19319
-0.679633,0.104658,1.30514
-0.397912,-0.228559,0.734561
-0.152586,0.177436,1.07568
-0.283816,0.169014,0.907323
-0.419303,-0.253375,0.65966
-0.221098,0.082291,0.877787
-0.445478,-0.241402,0.675388
-0.427702,-0.219533,0.692188
-0.434384,0.219362,0.88917
-0.373373,0.194693,0.81793
-0.373885,0.156792,0.791135
0.00197099,-0.0294927,1.19349
-0.0980064,0.121005,1.19662
-0.509715,0.123507,0.836851
-0.304725,0.1081,0.95118
-0.96318,0.118151,0.742575
-0.503576,-0.367637,1.1618
-0.09399,0.129236,0.715401
-0.165193,0.145181,0.59555
-0.167015,0.0693797,1.07382
-0.120403,0.128792,1.11958
-0.0215599,0.137934,0.555861
-0.537837,-0.408743,1.40165
-0.279195,0.20561,0.903149
-0.0827995,0.0622698,1.30062
-0.244856,0.101778,1.04483
-0.279379,0.273024,1.1494
-0.490356,0.174695,0.857269
-0.204057,0.178901,1.02357
-0.246936,0.20167,0.96024
-0.253501,0.103745,1.02796
-0.267524,0.106672,0.976497
-0.43061,0.266567,0.917024
-0.47523,0.168609,0.855
-0.00421729,-0.030271,1.33835
-0.344165,0.115845,0.774377
-0.956273,-0.300725,0.945503
-0.479499,0.269068,0.867294
-0.217805,0.194887,1.03888
-0.40173,-0.24864,0.711148
-0.379859,-0.238237,0.697655
-0.275614,0.165356,0.935531
-0.606376,-0.410715,1.43062
-0.586061,-0.0878635,1.61374
-0.206145,0.139933,1.02045
-0.4535,-0.31167,1.08723
-0.309814,0.152521,1.01239
-0.599948,-0.415098,1.41023
-0.366725,0.228094,0.842592
0.334559,0.0772438,1.09638
-0.0560125,0.152137,0.533232
-0.487704,0.321839,0.871678
-0.0714516,0.161287,0.534548
-0.107534,0.0654288,1.18611
-0.981581,-0.0170675,1.47357
-0.990838,-0.0536381,1.51761
-0.353944,-0.0664057,1.47261
-0.0708988,0.122652,0.742149
-0.490965,0.161018,0.854258
-0.356468,0.125201,0.780508
0.00546978,0.14026,1.23876
-0.129376,0.164324,1.20106
-0.469124,0.270359,0.927767
-0.235735,0.0920014,1.03407
0.00226039,0.137544,1.24548
-0.104151,0.0840005,1.14655
-0.277328,0.168225,0.945767
-0.50039,-0.222633,0.691234
-0.0306536,0.0469987,1.24215
-0.20741,0.147631,1.08214
-0.355433,0.218383,0.81744
-0.288258,0.205549,0.90458
-0.50563,0.122394,0.83191
-0.455285,0.158501,0.816192
-0.454975,0.158745,0.838208
-0.824179,0.0725343,0.990633
-0.96982,0.103971,0.978042
-0.180196,0.207475,0.906508
-0.449519,-0.220831,0.666701
-0.483288,-0.219847,0.677436
-0.594545,-0.210854,0.215216
-0.582447,-0.221256,0.258768
-0.488151,-0.212138,0.209814
-0.880307,0.280866,0.119219
-0.856609,0.291424,0.0940529
-0.41321,-0.246964,0.720808
-0.517221,-0.252162,0.686706
-1.14302,-0.0322815,0.266114
-1.18372,-0.0588985,0.29921
-0.777817,-0.214604,0.222076
-0.964285,0.314237,0.125422
-1.13005,-0.219976,0.701269
-1.24875,-0.030387,0.315789
-0.91372,-0.243366,0.593497
-0.978012,0.0112988,0.39311
-2.02238,0.215809,0.88744
-1.74982,0.00306577,0.875135
-1.64746,-0.0683476,0.799795
-1.30441,-0.184779,0.372566
-0.563247,-0.242195,0.37212
-0.765961,0.0590472,0.743418
-0.161852,0.134122,0.562145
-0.452438,0.26321,0.925178
0.0934709,0.122289,0.863505
-0.779497,0.0834263,1.18706
-0.733105,0.222204,1.34048
-1.10767,0.322974,0.743584
-0.427692,-0.235645,0.694375
-0.438854,-0.222994,0.593288
-0.413332,-0.309244,0.684597
-0.219678,0.189496,0.963013
-0.862204,0.0430413,0.975543
-0.859703,0.124502,0.915964
-0.825185,0.126187,1.04412
-0.838015,0.297684,1.08601
-0.940453,0.0931639,0.96265
-0.80371,0.136291,1.01995
-0.861969,0.123041,0.92109
-0.811734,0.0821869,0.984835
-0.808995,0.255262,1.0551
-0.434675,-0.263055,0.766299
-0.400366,-0.0710398,1.51269
-0.72156,0.0384301,1.25201
-0.206491,0.141118,1.01901
-0.425435,-0.227944,0.685858
-0.409405,-0.237763,0.741759
-0.39864,-0.230237,0.735668
-0.417319,-0.220807,0.693308
-0.144019,0.190356,1.16182
-0.404287,-0.254164,0.738206
-0.486476,-0.264632,0.742949
-0.450109,0.0968294,-0.0127816
-0.26378,0.0529251,1.48153
-0.32124,0.110463,0.841886
-0.123129,0.15728,0.804532
-0.241331,0.263019,1.10008
-0.0891028,-0.0385168,1.43565
0.230065,0.115893,0.924201
-0.423401,-0.225432,0.682879
-0.420859,-0.233972,0.671053
0.271557,0.258475,1.14952
0.220805,0.187848,0.987579
0.207918,0.0890842,0.869477
0.0426119,0.12315,0.656018
0.161519,0.100244,0.81432
-0.395053,-0.245667,0.681279
0.229731,0.114754,0.918411
-0.760628,0.241993,0.400067
-0.688771,-0.243111,0.271994
-0.994761,-0.178427,0.232194
-1.20343,-0.285488,0.441498
-1.05388,-0.144915,0.646952
-1.21839,-0.304617,0.431233
-1.19761,-0.296977,0.444602
-0.787354,-0.273624,0.427038
-1.04595,-0.280928,0.407088
-1.74952,0.00252624,0.875269
-1.85487,0.270386,0.953746
-1.57682,-0.338218,0.480255
-1.09829,0.0715975,0.44669
-0.491427,-0.19757,0.194805
-0.461922,-0.187798,0.174172
-0.474772,-0.191864,0.18932
-0.907803,0.293012,0.114391
-0.491776,-0.209712,0.224605
-0.496747,-0.203365,0.216121
-0.62912,-0.247429,0.387431
-0.701784,-0.242586,0.265925
-0.706767,-0.228603,0.257792
-0.694429,-0.234981,0.284429
-0.451699,-0.297998,0.61359
-0.677199,-0.243358,0.321677
-0.732414,0.224932,0.382734
-0.11711,0.148366,0.752043
0.115669,0.126223,0.770947
-0.199182,0.177129,0.702117
-0.228458,0.197658,0.986639
0.134905,0.119382,0.837683
-0.473176,0.308165,0.864625
-0.000145431,0.152449,0.660671
-0.317391,0.107037,0.849817
-0.393439,0.138085,0.823546
0.000245074,0.16421,0.702301
-0.142035,0.142346,0.647768
0.0605379,0.12209,0.694197
-0.0555843,-0.0244681,0.343108
-0.177798,0.155499,0.603223
-0.276936,0.2656,1.13524
-0.454057,-0.348668,1.60384
-0.718101,-0.290961,0.786749
0.059758,0.118138,0.667886
-0.432794,-0.301387,0.739079
-0.535632,0.206156,0.622246
-0.526972,0.170697,0.60652
-0.229758,0.0907413,0.975309
-0.363567,0.307793,0.997037
-0.851357,0.110773,0.898299
-0.92237,0.141659,0.916647
-0.44196,-0.233574,0.666824
-0.51525,-0.251601,0.685501
-0.444709,-0.222586,0.672449
-0.400282,-0.234537,0.726112
-1.97184,0.0258118,1.15777
-0.563208,0.164473,0.44666
-0.697972,-0.224169,0.24003
-0.499247,-0.292447,0.580186
-0.598507,-0.257244,0.432546
-0.52293,-0.289912,0.57738
-0.419072,-0.220265,0.705025
-0.502406,-0.217387,0.680991
-0.407042,0.141021,0.77788
-0.390934,-0.264487,0.727915
-0.828417,0.214214,0.450566
-0.750283,0.237384,0.381079
-0.841765,0.219874,0.458384
-0.495226,0.116376,0.824123
-0.818542,0.271219,0.939678
-0.411986,-0.226652,0.707409
-0.426185,-0.226361,0.68596
-0.171908,0.0660904,1.02997
-0.440398,0.262568,0.840968
-1.16024,0.0415242,1.25405
-0.0467606,0.179777,1.3275
-0.3209,0.0695671,1.10236
-0.354556,-0.0641976,1.56466
-0.219157,0.0877312,1.02024
-0.267706,0.0243654,1.50016
-0.325174,-0.0619605,1.5119
-0.456316,0.105479,0.914013
-0.197286,0.0843051,0.969334
-0.952029,0.218203,1.82825
-0.828707,0.293105,1.03819
-0.0494419,0.321511,1.77014
-0.271526,0.111964,0.947645
-0.326456,-0.0640398,1.4831
-0.665208,0.0644755,1.24686
-0.924739,0.101908,0.979279
-0.893909,0.0971559,0.989778
-0.290881,0.208832,0.91048
-0.87795,0.000898579,0.88697
-0.864486,0.100844,0.927313
-0.852077,0.111734,1.00451
-0.887998,0.00237017,0.896001
-0.910244,0.088992,0.935681
-0.864124,0.275577,1.10122
-0.937947,0.128039,1.13155
-0.846049,0.110692,0.997795
-0.853192,0.0670136,0.983897
-0.825718,0.296294,1.07388
-0.963614,0.109318,0.838035
-0.905316,0.116339,0.807596
-0.93542,0.100631,0.872206
-0.94901,0.0185584,0.769769
-0.140458,0.0846635,1.37633
-0.136018,0.060921,1.02554
-0.427336,0.194031,1.50713
-0.054672,0.0332665,1.35118
-0.102491,0.233192,1.33735
-0.921984,0.252312,0.620986
-1.10952,0.302064,0.260938
-0.948163,0.407429,0.470655
-0.859809,-0.223424,0.323032
-0.969454,-0.268709,0.368537
-0.68966,-0.228501,0.262271
-0.573948,-0.27511,0.509296
-0.500057,-0.304728,0.644901
-0.701732,-0.230656,0.265914
-0.64359,-0.247341,0.346933
-0.662571,-0.235523,0.293716
-1.77725,-0.157859,0.90413
-0.480595,0.172349,0.843827
-0.473365,0.282788,0.859777
-0.951678,0.0178763,0.951971
-0.649163,0.152142,1.76891
-0.850585,0.184603,2.11931
-0.918789,-0.0135698,1.18548
-1.24263,0.00724958,1.57847
-1.14351,0.0371085,1.25291
-0.612236,-0.515183,1.85703
-1.19861,0.0191812,1.31742
-0.226631,0.0808278,1.04686
-0.931274,0.0939055,0.779922
-0.541005,0.163122,0.637085
-0.539549,0.176575,0.640437
-0.810492,-0.253289,0.369485
-0.824546,-0.234115,0.287943
-1.1288,0.287413,0.263338
-1.00076,-0.16395,0.179294
-0.478689,-0.386541,1.33307
-0.969367,-0.188057,1.42649
-0.526034,0.0350101,0.990939
-0.519658,-0.308348,0.677959
-0.423699,-0.215602,0.683662
-0.703121,0.167197,0.562364
-0.564369,-0.282086,0.676043
-0.487461,0.13575,0.826464
-0.987553,-0.362381,1.22176
-0.620499,0.147721,0.6903
-0.455397,-0.266178,0.742169
-0.174131,0.14834,0.596357
-0.916487,0.230909,0.0848045
-1.30641,-0.251215,0.80948
-0.78813,-0.199779,0.208012
-1.14034,0.318116,0.213579
-0.939402,0.0441863,0.709762
-1.22127,0.150696,0.318821
-1.14705,0.0404999,0.281321
-0.857376,0.111628,1.07144
-0.53838,0.176452,0.643525
-0.941958,0.102548,0.812301
-0.411299,-0.226602,0.707441
-1.18731,-0.130394,0.284855
-1.24998,-0.18231,0.357552
-1.22755,-0.124881,0.264145
-0.995611,0.437971,0.152038
-1.51865,0.238869,0.624955
-1.05062,-0.216528,0.62667
-1.05935,-0.140599,0.673452
-0.23669,0.092419,0.931179
-0.159569,0.253818,1.26627
-1.21984,-0.260497,0.886901
-0.977487,0.0234836,0.793509
-0.0499161,0.23012,1.4056
-0.0287749,0.044619,1.23248
-0.258376,0.105792,0.954974
-0.280087,0.102191,0.848253
-0.126585,0.151295,1.15815
-0.877397,0.00949735,0.858911
-1.09118,0.0293804,1.18904
-0.274158,-0.0586855,1.43361
-0.829771,0.105747,0.99408
-0.436243,-0.262081,0.717271
-1.16682,0.0412562,1.27184
-0.663281,0.0995962,1.30655
-0.390769,-0.263747,0.72588
-0.532887,0.172421,0.637572
-0.513302,-0.21216,0.693748
-0.436117,-0.219093,0.662733
-1.00805,-0.0263358,1.49859
-0.4215,-0.226397,0.680085
-0.848018,0.129399,1.0764
-0.851658,0.065877,0.981206
-0.441088,-0.233468,0.665662
-0.495676,-0.225556,0.68661
-0.509529,0.149964,0.60554
-0.364257,0.214583,0.802712
-0.522557,0.167402,0.626548
-0.215379,0.0808844,0.902387
-1.08339,0.00697529,1.19977
-0.482899,-0.205629,0.671912
-1.51692,0.271271,0.894516
-0.963821,0.126,1.0114
-0.462198,-0.274917,0.715609
-1.19527,-0.247824,0.794981
-0.847577,0.0920658,0.919426
-0.51191,-0.209624,0.70808
-0.368942,0.132947,0.837174
-0.435251,0.203138,0.87934
-0.287799,0.191229,0.92238
-1.01603,-0.0359017,1.5117
-0.315868,0.224983,0.876714
-0.689003,-0.23561,0.287894
-0.687616,-0.224365,0.267504
-0.671632,-0.24693,0.336076
-1.06026,-0.0921617,0.699783
-0.895944,0.0930213,0.867023
-0.852176,-0.232739,0.532595
-1.26889,-0.148472,0.459184
-1.45555,0.115872,0.644023
-1.37768,-0.172107,0.627557
-1.11883,-0.149519,0.440008
-1.54766,0.284225,0.908302
-0.496644,-0.237273,0.696857
-0.439336,0.147272,0.805994
-0.867381,0.11649,1.01853
-0.394666,-0.22862,0.732129
-0.319252,0.10781,0.801038
-0.580991,0.155705,1.06008
-0.26162,0.108537,0.89845
-1.08555,0.182388,0.848085
-0.957357,0.120476,0.817614
-0.869975,-0.269954,0.699009
-0.982173,0.123985,0.794031
-0.896698,0.12793,0.890643
-0.912488,0.154798,1.1314
-0.217701,0.146908,0.974862
-0.420955,-0.225151,0.711753
-0.34094,0.245953,1.06515
-0.437227,-0.223339,0.700316
-0.407601,-0.243264,0.725074
-0.445779,-0.255885,0.729374
-0.42182,-0.25815,0.676959
-0.33257,0.11589,0.823637
-0.398721,-0.241212,0.712958
-0.455742,-0.258076,0.649996
-0.415739,-0.230025,0.739806
-0.280175,0.204718,0.901695
-0.227546,0.0808224,1.04708
-0.501854,-0.256985,0.742753
-0.727335,0.073928,1.05704
-0.322199,0.110252,0.812092
-1.99927,0.185556,1.11616
-1.50058,-0.241023,0.895725
-1.23807,-0.0575265,0.308801
-2.00175,0.0160455,0.801307
-1.47528,-0.0183451,0.560181
-0.724323,-0.211946,0.228783
-1.20964,0.143307,0.316746
-1.84536,-0.0960223,0.877874
-1.83577,0.00929115,0.916901
-1.89581,-0.064554,0.907844
-1.24645,-0.215541,0.409938
-1.1528,-0.22284,0.221986
-1.33019,0.237215,0.321332
-0.830903,-0.242954,0.262135
-1.20868,-0.215215,0.763495
-1.04629,-0.304484,0.547576
-0.907055,-0.290015,0.475574
-1.07218,-0.275509,0.383732
-1.00551,-0.246014,0.277145
-1.09937,-0.269635,0.295484
-0.464107,-0.25597,0.67179
-0.846599,0.011906,0.853012
-0.868059,0.306859,1.08061
-0.397379,-0.2464,0.704379
-0.455448,-0.292121,0.715246
-0.295509,0.244369,1.05899
-0.279929,0.181876,0.887975
-0.400995,-0.244991,0.740683
-0.66055,0.266916,2.15279
-0.0518919,0.00374283,0.32526
0.060104,0.109515,0.83082
-0.659319,-0.288044,0.745654
-0.82827,0.298588,1.07746
-0.832613,0.246628,1.0772
-0.239661,0.274831,1.11302
-0.403958,-0.248796,0.735316
-0.39644,-0.246703,0.70057
-0.446734,-0.241425,0.712619
-1.79697,0.0119281,1.05746
-0.910742,0.106193,0.881562
-1.574,-0.16792,0.859433
-2.04733,0.0045218,1.18527
-0.719133,-0.235393,0.315036
-0.91523,0.246879,0.725209
-0.657483,0.133293,1.30126
-0.534202,0.29323,0.928922
-0.214534,0.186447,0.966012
-1.17912,-0.254371,0.853734
-0.28572,0.16722,0.904866
-0.803103,0.0983703,1.00892
-1.99688,0.0366589,1.11287
-1.99551,0.155401,1.1423
-0.964496,-0.219476,0.707791
-2.19469,0.0546941,1.16148
-2.04063,0.0194833,1.18574
-2.06953,0.04114,1.15344
-1.97731,0.184692,1.16389
-2.00833,0.0718998,1.15827
-2.03416,-0.0264027,1.15355
-0.691228,-0.234499,0.283807
-0.734103,0.227408,0.381782
-0.826232,0.24423,1.06809
-0.476229,0.110659,0.918521
-0.0287928,-0.396502,1.2582
-0.51173,-0.251072,0.681596
-0.438689,-0.232156,0.662874
-0.832623,0.091618,1.00896
-0.862944,0.0691328,0.995922
-0.430876,-0.236297,0.68168
-0.870864,0.115665,0.918936
-0.872008,0.0724609,1.00647
-0.451807,-0.258342,0.697036
-0.847499,0.123944,1.00294
-0.835812,0.103856,1.0322
-0.822808,0.0899211,0.996313
-0.405777,-0.251394,0.710845
-0.824453,0.10453,1.03661
-0.491231,-0.43686,1.5222
-0.611994,-0.420387,1.46936
-0.485231,-0.419801,1.47694
-0.44355,-0.409368,1.41713
-0.777199,0.0454294,1.33778
-0.81304,0.136308,1.60509
-0.207066,0.149589,1.08377
-0.0608022,0.031521,1.33498
-0.447529,-0.304134,0.793661
-0.431973,-0.225319,0.709885
-0.617036,-0.207499,0.201023
-0.882235,-0.196913,0.230467
-0.748425,-0.255094,0.189164
-0.85464,-0.200935,0.226363
-0.958572,0.150372,0.778603
-0.0030066,0.141899,1.24744
-0.404897,-0.233513,0.720429
-0.49641,-0.238462,0.697712
-0.333013,0.293691,1.2
-0.0258087,0.393655,1.90571
-0.216379,0.0810935,1.02208
-0.243271,0.100781,1.04098
-0.28758,0.0794991,1.09511
-0.834436,0.261518,1.08102
-0.210356,0.0410145,1.31094
-0.540829,-0.410538,1.40951
-0.80652,-0.0976997,1.83709
-0.315536,0.108603,0.899841
-0.458814,0.159085,0.826114
-1.00687,-0.0477318,1.53805
-0.640961,-0.396164,1.36778
-0.211135,0.138177,0.942
-0.611498,0.144181,0.681026
-0.229225,0.252818,1.05692
-0.866333,0.102236,0.927827
-0.882108,0.0115762,0.888112
-0.898239,0.00262771,0.906188
-0.311719,0.155133,1.04578
-0.327919,0.0728948,1.11663
-0.410159,0.175475,0.876319
-1.09737,-0.0899153,0.72481
-1.17044,-0.206101,0.791539
-1.06159,0.255484,0.76515
-1.06075,-0.127577,0.688555
-1.06483,-0.139633,0.672455
-1.0735,-0.15972,0.673812
-1.03191,-0.192796,0.665023
-1.0378,-0.234548,0.692927
-0.665527,-0.253374,0.544823
-1.02915,-0.191853,0.636451
-1.02976,-0.202218,0.617056
-1.00169,-0.194019,0.633876
-1.07463,-0.143154,0.654411
-0.880033,-0.238937,0.571979
-0.451774,0.163867,0.837679
-0.453932,-0.257879,0.647685
-0.51602,-0.211928,0.69697
-0.409895,-0.236145,0.729941
-0.538291,0.164684,0.637259
-0.524389,0.170261,0.616265
-0.414452,-0.245914,0.739103
-0.42579,-0.246634,0.697702
-0.804777,0.068644,0.963333
-0.826204,0.106412,1.04187
-0.844741,0.0935297,0.912686
-0.822895,0.25719,1.06891
-0.498963,-0.243267,0.687317
-0.909181,0.0512995,1.02762
-0.506911,-0.201292,0.173421
-1.06081,0.275448,0.397111
-0.555827,-0.20378,0.169134
-0.540534,-0.189185,0.15371
-0.531297,-0.196349,0.184889
-0.609301,-0.209983,0.195443
-0.408935,-0.228318,0.731565
-0.300249,0.102839,0.905424
-0.83726,0.304144,0.465134
-0.772855,0.0912479,0.954234
-0.641527,0.195097,0.371565
-1.15057,0.27638,0.290029
-0.75358,0.235484,0.381046
-1.97005,0.076308,1.16483
-1.88789,0.0655537,1.08287
-1.03236,-0.216275,0.646435
-0.614183,0.145126,0.683694
-0.442774,0.164331,0.845699
-0.858198,0.212152,1.08029
-0.956881,-0.207713,0.253583
-0.504928,-0.172788,0.136545
-0.538493,-0.191908,0.135766
-0.512642,-0.186246,0.160774
-0.981354,0.387753,0.416808
-0.657855,0.211754,0.283597
-0.922005,0.0443609,0.849063
-0.309778,0.128555,1.03108
-0.853046,0.198356,1.0724
-0.406624,-0.235639,0.698368
-0.450684,-0.255611,0.642849
-0.237218,0.0851882,1.04135
-0.909745,0.0157628,0.888677
-0.696784,0.217339,0.353567
-0.734793,-0.229509,0.202209
-0.746853,-0.200678,0.181956
-0.789323,0.202902,0.0451382
-1.21227,0.279823,0.195022
-1.19454,-0.152775,0.472023
-0.592574,0.0492332,1.16352
-0.522615,0.129747,0.862124
-0.830549,0.131111,1.04944
-0.1545,-0.360934,1.05575
-0.44978,-0.279978,0.714974
-0.879909,0.299605,0.103512
-0.880504,0.301985,0.261483
-0.718429,-0.231953,0.225197
-1.24282,0.527669,0.523273
-0.612453,0.00752176,0.280903
-0.928122,0.26331,0.490763
-0.696278,-0.00961861,0.389309
-0.707069,-0.0282208,0.39398
-0.274716,-0.129761,0.115688
-0.975916,0.151332,0.455195
-1.22315,0.435194,0.629011
-0.526487,-0.206186,0.245414
-1.12142,0.314968,0.265702
-0.800886,0.274388,0.400346
-0.774424,0.125375,0.979387
-0.887251,0.135373,0.79041
-0.997412,0.0928659,0.771086
-0.416036,-0.23287,0.757909
-0.454903,0.100454,0.881479
-0.832771,0.27857,0.960624
-0.779264,0.213587,0.413771
-0.454958,-0.249345,0.646271
-0.461985,-0.235954,0.655084
-0.394455,0.149473,0.887048
-1.03095,-0.187776,0.621728
-0.825509,0.105336,1.03967
-1.00468,-0.2145,0.600827
-1.03116,-0.198471,0.673061
-1.04382,-0.189673,0.628951
-1.03615,-0.19921,0.700036
-0.681644,0.045637,1.30344
-0.806996,0.1418,1.03017
-1.12232,-0.22126,0.712614
-0.441873,-0.246294,0.640917
-0.843154,0.0777487,0.859873
-0.427509,-0.236031,0.679499
-0.297808,0.214828,0.892194
-0.436693,0.247866,0.832526
-0.375102,0.156189,0.799315
-0.302658,0.217296,0.882388
-0.404903,-0.258772,0.675776
-0.81907,0.103528,0.19308
-1.17497,0.427553,0.243552
-0.917683,0.317262,0.10994
-0.860855,0.260839,0.0195773
-0.824922,0.274602,0.10601
-0.432937,0.215829,0.88412
-0.578823,-0.230884,0.281826
-0.667912,-0.215309,0.176745
-0.602935,-0.195529,0.150796
-0.595911,-0.211646,0.218201
-0.588738,-0.223423,0.293149
-0.909338,0.221547,0.389751
-1.02839,0.133856,0.27478
-0.870673,0.296402,0.261474
-0.586889,-0.220312,0.284211
-0.606358,-0.21822,0.225439
-0.668597,-0.199919,0.134632
-0.605122,-0.215346,0.215962
-0.555852,-0.213423,0.296582
-0.560782,-0.22049,0.288249
-0.193569,0.175184,1.03002
-0.562359,-0.40495,1.38004
-0.464738,-0.235485,0.655656
-0.398694,-0.240635,0.696644
-0.875693,0.121368,0.867439
-0.411062,-0.232754,0.760827
-1.08129,-0.210544,0.704355
-1.95899,0.0339489,1.15286
-1.80951,0.0608309,1.07368
-1.96606,0.0125745,1.14777
-1.98325,0.150132,1.13324
-0.958133,0.148098,0.751603
-0.939832,0.101133,0.853474
-0.445307,-0.25184,0.734209
-1.04635,0.0198554,0.711642
-0.913892,0.190158,0.899348
-0.46359,-0.246647,0.674256
-0.814277,0.138514,1.03163
-0.867405,0.101593,0.917417
-0.426819,-0.235645,0.678952
-0.511848,-0.233398,0.704504
-0.19761,0.168885,0.987292
-0.403574,-0.222171,0.700351
-0.870419,0.278723,1.10846
-0.916269,-0.263075,0.681339
-0.952272,0.117289,0.77389
-1.14137,0.0161217,1.25999
-0.84305,0.295989,0.113738
-0.778473,0.0796129,0.199337
-0.647983,-0.197976,0.0471206
-0.915594,0.167827,0.830052
-0.910326,0.290316,0.112894
-0.942117,0.317497,0.0972463
-0.752366,-0.223586,0.2309
-0.975711,0.121453,0.752669
-1.90193,0.0714358,1.09149
-0.488232,0.172883,0.853374
-0.443026,0.202726,0.898657
-0.980305,0.118349,0.792007
-1.07383,-0.184378,0.607848
-1.14964,-0.142033,0.700257
-0.428593,-0.236144,0.680372
-0.852758,0.203159,1.09231
-0.486171,0.274817,0.875177
-0.295431,0.115741,1.00251
-0.713704,-0.462175,1.57546
-0.535854,0.173783,0.604892
-1.10982,-0.229407,0.744055
-0.540186,-0.0619799,0.318356
-1.41439,-0.0328432,0.745321
-1.20461,-0.212023,0.797733
-0.935983,0.209559,0.106297
-0.608412,-0.253834,0.413128
-0.774114,-0.21856,0.147
-0.715324,0.218071,0.372892
-0.624358,-0.24265,0.367324
-0.421306,-0.248946,0.71465
-0.659499,-0.236092,0.321176
-0.664322,-0.230991,0.301256
-0.674807,-0.225906,0.279282
-0.882588,-0.21101,0.433366
-1.30759,0.397476,0.555827
-0.963841,0.26932,0.652743
-0.605721,-0.24643,0.386498
-0.651618,-0.232071,0.318025
-1.3861,0.411575,0.616121
-0.38566,-0.324041,0.747261
-1.15424,0.32724,0.489081
-1.22861,0.362255,0.815752
-0.169227,0.066425,1.04288
-0.812441,0.272303,0.216286
-0.90513,0.275885,0.111403
-0.794067,0.316016,0.396294
-1.2289,0.0498111,0.962963
-0.894387,0.123032,0.885405
-1.16462,-0.0587725,0.296717
-0.939397,0.141097,0.215671
-0.85938,-0.0588288,0.578327
-0.760447,-0.193395,0.150891
-0.413598,-0.235289,0.756896
-0.484982,0.141168,0.830646
-0.432472,-0.414923,1.44095
-0.564083,-0.401596,1.36005
-0.807726,-0.131838,1.83286
-0.466659,-0.257863,0.664187
-0.917864,0.107292,0.718415
-0.5381,-0.351595,1.0628
-0.207636,0.0567295,0.749354
-0.427371,0.18853,1.10936
-0.313714,0.192746,0.948181
-1.08077,-0.120928,0.661184
-0.744945,0.226475,1.36108
-0.453595,-0.313812,0.691949
-0.470834,-0.246223,0.690697
-0.631412,0.181203,0.728856
-0.296539,0.134658,0.94291
-0.431766,-0.258882,0.703588
-0.966836,-0.30475,0.956953
-0.846475,0.121967,0.999277
-0.445389,-0.269971,0.704217
-0.672295,0.169558,1.32013
-0.67729,0.115527,1.32969
-0.469627,0.261783,0.854099
-1.10406,0.136056,0.913197
-0.558166,0.184917,0.461091
-1.07752,-0.185858,0.611053
-0.825951,0.10491,0.988786
-0.417526,-0.249875,0.712981
-0.489578,-0.279177,0.810572
-1.21373,0.0551327,0.329846
-1.01973,0.0202633,0.685059
-6.28346,2.25761,0.603104
-1.05689,0.208579,0.195939
-0.920216,0.148829,0.191554
-1.0876,0.298373,0.203685
-1.13412,-0.238527,0.718839
-0.904884,0.0886747,0.931443
-0.642068,-0.23555,0.336031
-1.05691,-0.227124,0.650566
-0.776829,-0.218219,0.148122
-0.264155,0.106413,1.01962
-0.840847,-0.295751,0.863038
-0.642307,-0.249535,0.527655
-0.291705,0.130173,0.927354
-0.948053,0.103894,0.826207
-0.942348,0.102346,0.875526
-0.928813,0.0992678,0.892052
-0.830594,0.131394,1.04845
-0.893239,0.105136,0.872151
-0.908152,0.117039,0.808802
-0.90908,0.0968485,0.888315
-0.959898,0.0168397,0.921235
-0.991528,0.116197,0.855221
-0.680731,-0.256689,0.557455
-0.426479,-0.316272,0.707186
-0.49275,-0.311839,0.672849
-1.90695,0.185917,1.15058
-1.03752,-0.227214,0.650164
-1.03688,-0.235936,0.692972
-1.02602,-0.229774,0.663976
-1.04036,-0.193034,0.659485
-1.09221,-0.209234,0.679318
-1.06875,-0.159399,0.674697
-1.2859,0.0573593,1.00465
-1.02485,-0.203673,0.647928
-1.03678,-0.213817,0.665009
-0.642416,0.0452361,1.25998
-1.14082,0.0157205,1.26167
0.149252,0.156819,0.82824
0.0893762,0.140645,0.793311
0.142784,0.105565,0.806901
-0.45682,-0.26834,0.704352
-0.395542,-0.231245,0.707962
0.270232,0.255745,1.14122
-0.421406,-0.233768,0.67045
-0.434759,-0.320753,0.722337
-0.834396,0.216679,0.444417
-0.98403,0.278277,0.778525
-0.855732,0.266559,1.08896
-0.708042,0.115318,1.3012
-1.4034,-0.196239,0.780544
-1.25897,-0.142757,0.782709
-0.841438,0.295143,0.227695
-0.487918,-0.202949,0.216293
-0.462173,-0.214181,0.222519
-0.571928,-0.206399,0.188254
-0.664966,0.0582359,1.28158
-0.460747,-0.270888,0.707467
-0.683803,0.107572,1.3438
-0.486194,-0.216881,0.673151
-0.722538,0.1171,1.33601
-0.65261,0.192869,1.24254
-0.694943,0.131621,1.28855
-0.642,0.186471,1.22307
-0.907497,0.305951,0.1127
-0.877065,0.331,0.121044
-0.876299,0.290357,0.10905
-0.955877,0.3199,0.20014
-1.09477,0.286346,0.26441
-0.682554,0.245262,0.390293
-0.650358,-0.247105,0.343879
-1.4098,0.0741824,0.553786
-0.659607,0.141988,0.446533
-1.03407,-0.189761,0.63522
-0.511202,-0.235989,0.300148
-0.45988,-0.204889,0.191276
-0.486141,-0.226892,0.266687
-0.453615,-0.212969,0.260984
-1.04088,0.0252261,1.14521
-0.645419,-0.267486,0.421423
-0.619022,-0.254057,0.374439
-1.77538,-0.156119,0.903902
-0.631631,-0.249651,0.358421
-0.738635,-0.23308,0.212806
-1.13952,0.291421,0.286112
-0.985149,0.265674,0.365508
-1.03591,0.219737,0.166979
-1.05295,0.269955,0.254824
-0.5058,-0.196169,0.183321
-0.446549,-0.189251,0.181651
-0.549781,-0.190981,0.141719
-0.489767,-0.203096,0.252039
-2.29749,-0.2096,1.21293
-0.624793,-0.20824,0.186692
-0.758405,0.131876,0.715512
-1.41883,-0.118818,0.810232
-0.448919,-0.321843,0.681736
-0.657876,-0.231482,0.282003
-0.507698,0.190934,0.589744
-0.709632,0.234559,0.396168
-0.733208,-0.236988,0.239493
-0.741457,-0.247748,0.265108
-0.750941,-0.244695,0.252007
-0.936082,0.308261,0.183051
-0.642491,-0.241153,0.360578
-1.32248,0.223924,0.329041
-1.07129,-0.218887,0.703049
-1.07725,-0.150721,0.681766
-0.452057,-0.199483,0.189207
-0.450553,-0.192609,0.175807
-0.414949,-0.212283,0.220855
-0.566674,-0.21643,0.234458
-0.677318,-0.226388,0.279813
-0.599569,-0.296513,0.546365
-0.612857,-0.265064,0.455993
-0.645306,-0.256807,0.384089
-0.730785,-0.217369,0.209188
-0.718448,-0.212186,0.217002
-0.722904,-0.221217,0.226967
-1.30273,0.0950541,0.521138
-1.0357,-0.14725,0.629381
-0.966502,0.126669,0.757166
-1.10882,-0.222665,0.679785
-1.00234,-0.254933,0.332223
-0.457412,-0.200781,0.244058
-0.496261,-0.202755,0.250554
-0.615637,0.0231195,0.178259
-1.10792,-0.0359335,0.257278
-0.911019,0.291836,0.474837
-0.901711,0.339012,0.532229
-0.706838,-0.220119,0.222089
-0.689852,-0.22865,0.283986
-0.973149,0.346433,0.284323
-0.688432,0.0934322,1.29199
-0.728238,0.0425026,1.34777
-0.47912,-0.282278,0.757017
-0.402323,-0.250561,0.72504
-0.480096,-0.313252,0.683423
-1.01713,-0.197956,0.663091
-0.53267,0.162552,0.631348
-0.794841,0.209071,0.634806
-0.466201,-0.21339,0.688751
-0.728744,-0.222024,0.227801
-0.737549,-0.233174,0.266755
-0.558694,-0.284276,0.548694
-0.610384,-0.255079,0.421
-0.602024,-0.273306,0.496887
-0.676834,-0.242178,0.315653
-0.739358,-0.239259,0.267728
-0.735693,-0.239893,0.256562
-0.547494,0.181826,0.616547
-0.455798,0.264798,0.937645
-0.447196,-0.376448,1.28666
-0.388366,-0.232282,0.7185
-0.457731,-0.287639,0.697553
-0.412126,-0.254455,0.74614
-0.4814,-0.252006,0.791868
-0.531306,0.171481,0.597802
-1.20535,0.321672,0.303608
-1.16589,0.486299,0.492571
-1.12649,0.26812,0.279339
-0.514196,-0.177422,0.140864
-0.924461,0.356816,0.126554
-1.09936,-0.126055,0.237365
-0.851431,0.318023,0.118639
-0.529666,0.158827,0.269424
-0.320844,0.183954,0.738798
-0.438285,0.205867,0.881491
-0.141212,0.178373,1.10082
-0.205878,0.116195,1.02405
-0.0154756,0.111685,1.24364
-0.274581,0.212275,0.934859
0.0115095,0.0740299,1.20758
-0.000687569,0.104221,1.24754
-0.117104,0.102194,1.18471
-0.100253,-0.0927712,0.0316426
-0.973138,0.352032,0.123602
-0.585036,0.175604,0.467542
-0.490081,-0.27811,0.810605
-1.05897,-0.153902,0.67834
-1.04001,-0.209172,0.673741
-0.428698,-0.265272,0.703074
-1.00692,-0.196322,0.669599
-0.416779,0.180767,0.890174
-0.721853,0.218829,1.323
-0.415311,-0.227882,0.69374
-0.8452,0.109295,0.951374
-1.02965,-0.212371,0.687945
-0.48646,-0.285554,0.777573
-0.434189,-0.19839,0.602804
-1.74354,0.0193912,1.02537
-1.01113,-0.226372,0.647173
-0.944077,-0.143469,0.57808
-0.532571,-0.266424,0.474144
-0.497229,-0.307605,0.61253
-0.517764,-0.29259,0.587307
-0.467046,-0.31325,0.683061
-0.465922,-0.325075,0.732629
-0.757966,0.194102,0.607533
-0.571787,-0.278338,0.523136
-0.715334,-0.221899,0.190717
-0.52224,-0.285217,0.560064
-1.09582,-0.235271,0.803733
-0.909042,0.092642,0.855868
-0.88937,0.105429,0.869941
-1.06098,-0.233545,0.61724
-1.03376,-0.217992,0.695274
-0.895605,0.178073,0.893092
-1.02947,-0.224327,0.634607
-1.0517,-0.220382,0.706752
-1.06138,-0.207485,0.694695
-1.04593,-0.213719,0.670587
-1.01425,0.0544476,0.762199
-1.06377,0.0156216,0.7174
-0.922202,0.11517,0.720955
-0.849923,-0.236249,0.553762
-1.053,-0.128473,0.687526
-0.847102,-0.264362,0.680665
-1.03628,-0.205261,0.680028
-1.04087,-0.219815,0.682962
-1.03355,-0.233227,0.677633
-0.97185,0.128755,0.759705
-0.477791,-0.289793,0.618216
-0.654874,0.194109,1.24922
-0.54646,-0.288367,0.568703
-0.660062,-0.231042,0.316386
-0.880221,0.349317,0.111891
-0.143233,0.144669,0.653706
0.0636042,0.111904,0.839202
-0.200586,0.183485,1.04607
-0.56315,-0.084963,1.67638
-0.874295,0.117274,0.975345
-0.451624,-0.422392,1.46811
-0.526324,0.169355,0.60535
-0.370512,0.189792,0.810092
-0.265362,0.109985,1.07734
-0.153284,0.0570481,0.967946
-0.295683,0.122283,0.920139
-0.814648,0.293188,0.4676
-0.907465,0.287587,0.115593
-0.859563,0.381289,0.133576
-0.853685,0.288821,0.110702
-0.873813,0.304551,0.105823
-0.821172,0.333814,0.241978
-0.850863,0.288624,0.429306
-0.67627,-0.235584,0.329766
-0.728638,-0.202827,0.191611
-0.714607,-0.219662,0.246034
-1.06384,-0.159431,0.660716
-0.923214,0.116743,0.83619
-1.02363,-0.220002,0.670817
-0.741721,0.1784,0.512424
-0.91345,0.188819,0.862985
-0.953794,-0.146501,0.582385
-0.457623,-0.291929,0.71433
-1.08557,0.30305,0.749873
-1.76695,0.0027227,0.892721
-1.99736,-0.0186322,1.10512
-1.87935,0.154034,1.0199
-1.07282,-0.159088,0.678726
-0.489191,-0.29575,0.745312
-0.879902,0.152561,0.916558
-2.05181,0.0476247,1.14256
-0.872853,0.169379,0.813818
-1.83371,0.145773,0.995113
-1.93174,0.21125,1.06193
-1.83414,0.214618,1.00621
-1.04278,-0.158239,0.651151
-0.458774,-0.308877,0.671032
-0.416245,-0.227514,0.732158
-0.67854,0.317688,-0.0481714
-0.252411,0.175206,1.09564
-0.0905134,0.0919918,1.14875
0.0122845,0.0368779,1.1074
-0.116688,0.12813,1.10545
-0.325901,0.232337,0.990172
-0.530109,0.299643,0.965068
-0.0634714,0.0461167,1.19796
-0.00703305,0.115955,1.31179
0.0084213,0.0848062,1.24278
-0.604232,-0.258603,0.435992
-0.572223,-0.2561,0.433643
-0.724564,0.104675,1.33927
-0.863402,0.127811,1.01942
-1.45235,-0.0136463,0.551954
-1.94004,-0.0832467,1.06818
-2.02676,-0.130525,1.12809
-0.927253,0.0926666,0.993493
-1.02945,0.381032,0.321517
-0.605717,-0.215126,0.216498
-0.73226,-0.224802,0.243958
-1.14855,-0.243315,0.744234
-2.91255,0.0890217,1.07901
-0.459302,-0.288361,0.703379
-0.422157,-0.264312,0.703587
-1.15244,-0.219783,0.746519
-1.04423,-0.220722,0.6257
-1.08558,-0.0900784,0.717068
-1.06478,-0.159337,0.66733
-0.391584,-0.26271,0.722844
-0.78333,-0.227222,0.512575
-1.00557,-0.199044,0.660638
-0.413214,-0.230195,0.715379
-0.492463,0.175928,0.861537
-1.03409,-0.197555,0.688395
-1.04794,-0.228169,0.655239
-1.06826,-0.142988,0.672635
-1.03253,-0.211439,0.662518
-1.06119,0.255271,0.762345
-1.09076,-0.106208,0.673684
-0.927385,0.117561,0.82713
-1.04818,-0.205557,0.628485
-0.970259,0.109691,0.865902
-0.475051,0.16756,0.852475
-2.08953,-0.0845763,1.1466
-0.985757,0.101396,1.00387
-2.00652,-0.102757,1.14147
-1.97641,-0.133868,1.10266
-2.02164,-0.0880862,1.15412
-2.30311,0.428858,1.42656
-2.13178,-0.0218,1.21229
-0.732648,-0.221807,0.397253
-0.489593,-0.192863,0.190928
-0.871135,0.276858,0.119069
-0.482237,-0.20565,0.194521
-0.484543,-0.199191,0.203591
-0.378954,-0.188565,0.186165
-0.53582,-0.222656,0.252864
-0.488574,-0.216608,0.236765
-0.501736,-0.214414,0.264502
-0.52739,-0.274083,0.79615
-0.919485,0.0968971,0.843407
-0.821822,-0.429092,1.78506
-0.89166,0.0481527,1.00672
-0.573681,0.197342,0.482251
-0.486299,-0.237999,0.667091
-1.00711,-0.0280046,1.50736
-0.717761,0.190077,1.35586
-0.71234,0.128203,1.3969
-0.209385,0.192349,1.02294
-0.135707,-0.374165,1.10495
-1.09191,-0.14549,0.665338
-0.546362,-0.105272,0.313594
-1.45967,0.436001,0.128892
-1.16052,-0.180936,0.33463
-0.834501,0.0898879,1.00964
-1.37036,0.311187,0.251725
-0.884754,0.312171,0.110363
-0.993812,0.211386,0.140907
-0.284149,0.16528,0.896759
-0.655116,0.0519978,1.29785
-1.0211,-0.216825,0.686748
-0.421483,-0.233328,0.688476
-0.485946,0.274904,0.874452
-1.05906,0.241073,0.788205
-0.944797,0.117561,0.802497
-0.435049,0.214563,0.880638
-0.95763,0.205517,1.57943
-0.270535,0.110776,1.0269
-0.657925,0.117731,1.26783
-0.838213,0.108336,1.03595
-1.02793,-0.19149,0.652584
-1.00797,-0.198288,0.656527
-1.0497,-0.215744,0.657239
-1.05188,-0.0870836,0.694221
-1.85356,0.061253,1.09317
-1.8324,0.310554,1.13955
-2.23469,-0.0275262,1.28689
-0.488758,-0.217592,0.672518
-0.6889,-0.237046,0.293194
-0.897828,0.133677,0.891932
-0.639484,-0.259801,0.392286
-0.858737,0.168029,0.810176
-0.935134,0.113375,0.753959
-1.06038,-0.148512,0.671524
-1.08127,-0.0288771,0.728246
-0.74008,-0.220895,0.221729
-0.700187,-0.24501,0.27587
-0.727192,-0.234839,0.233139
-0.880006,-0.170336,0.176449
-0.622063,-0.27316,0.445952
-0.647748,-0.228897,0.269624
-0.903051,-0.171749,0.180626
-0.615986,-0.209478,0.228233
-0.634214,-0.240913,0.31857
-0.62508,-0.234417,0.259053
-0.628446,-0.234123,0.334985
-0.629276,0.185722,0.332657
-0.725335,0.272783,0.412906
-0.457848,-0.313113,0.68896
-0.775284,-0.201049,0.177358
-0.505543,-0.30747,0.65261
-0.694213,-0.225978,0.274742
-1.06961,0.244438,0.795927
-2.06166,-0.0891213,1.17677
-0.721129,-0.220363,0.39122
-0.673851,-0.220155,0.269835
-0.894987,-0.238969,0.559295
-0.593923,-0.249082,0.385189
-0.945935,-0.190306,0.569016
-1.90527,0.0723433,1.13125
-1.03957,-0.214045,0.62953
-1.05751,-0.143623,0.66679
-1.09308,-0.274476,0.418601
-1.05689,-0.229389,0.272952
-1.07343,-0.29677,0.380202
-1.02707,-0.303409,0.433158
-0.8988,-0.285911,0.395276
-0.98346,-0.270841,0.38497
-1.01119,-0.290794,0.375155
-1.0442,-0.0628336,0.241918
-1.24013,-0.128488,0.296098
-1.15784,0.04534,0.283036
-1.89983,-0.172049,0.962385
-2.01692,-0.153559,1.09352
-2.09236,0.0485731,1.16517
-0.882965,0.293323,0.109348
-0.837416,0.0635135,0.956147
-0.643928,-0.242996,0.366267
-0.668732,0.20922,0.376362
-0.689403,-0.213561,0.244023
-0.693294,-0.215542,0.209525
-1.22812,0.0562572,0.333415
-0.71037,-0.224907,0.243155
-0.284148,0.102736,0.837054
-0.598283,0.160246,1.7104
-0.840254,0.0927689,1.29952
-0.634513,0.166307,1.77014
-0.157936,-0.364466,1.01902
-0.441278,0.116972,1.38833
-0.941887,0.318584,0.125475
-0.441508,-0.239562,0.691933
0.216565,0.177605,0.95273
0.109053,0.126139,0.796187
0.110598,0.121638,0.774734
-0.421702,-0.231776,0.678889
-0.320507,-0.221816,0.592784
0.111215,0.1543,0.784319
-0.470758,0.268594,0.880896
-0.461433,-0.265568,0.763249
0.0986691,0.108565,0.709043
-0.195033,0.108071,0.981777
0.095509,0.115489,0.816715
-1.24629,0.350108,0.464407
-0.721175,0.0189776,0.379299
-0.993146,0.234435,0.233921
-0.818639,0.00155699,0.361717
-1.4503,0.169888,0.748447
-1.21247,0.284845,0.188208
-0.972857,0.259409,0.0804056
-1.2409,0.367746,0.823937
-1.20087,0.3401,0.112004
-0.865328,0.284934,0.176152
-0.867139,0.282332,0.148434
0.0199912,0.141524,0.670155
0.0932078,0.127292,0.751908
-0.282535,0.219461,0.953565
-0.264274,0.198865,0.933935
-0.283445,0.205144,0.868254
-0.260408,0.206734,0.96347
-0.981253,-0.0485738,1.50096
-1.05637,-0.227608,0.658559
-1.29426,-0.267288,0.937367
-2.39802,0.220484,1.3662
-1.11056,0.287738,0.281037
-0.495283,-0.276917,0.517868
-1.03975,0.277942,0.247375
-0.849135,0.287071,0.223619
-1.27622,0.0401903,0.337696
-1.33041,0.192991,0.555007
-1.0157,0.431516,0.570799
-0.4455,-0.194676,0.219823
-1.06283,-0.149115,0.421532
-0.752919,0.220098,0.00242062
-0.963039,0.168111,0.196052
-0.478922,-0.293061,0.624511
-0.479678,-0.303968,0.6454
-0.632271,-0.238432,0.347972
-0.951461,0.0188589,0.771289
-0.514062,-0.288274,0.575505
-0.515237,-0.304723,0.638421
-0.59165,-0.257945,0.434265
-0.438948,-0.309679,0.638548
-0.456327,-0.323231,0.683705
-0.657436,-0.23485,0.332098
-0.442037,-0.305629,0.644491
-1.0351,0.262816,0.113263
-1.02258,0.11786,0.846561
-1.06147,-0.222831,0.713295
-1.01224,-0.222205,0.619771
-1.04191,0.288069,0.384199
-0.672577,-0.220347,0.25753
-0.62594,-0.251713,0.404775
0.213495,0.175861,0.937753
-0.39162,-0.231191,0.71463
0.113072,0.119299,0.81098
0.156747,0.101027,0.810545
0.147202,0.137897,0.83177
0.122893,0.118791,0.793651
0.147817,0.137721,0.832809
0.143813,0.121562,0.779187
-1.16569,-0.242393,0.747528
-1.75798,-0.0972592,0.838391
-1.22581,-0.188204,0.681103
-1.00719,-0.179734,0.572493
-0.836459,-0.194358,0.535639
-1.18633,-0.0886493,0.784293
-1.07685,-0.189568,0.648908
-0.773032,-0.172439,0.473528
-1.18908,-0.08187,0.433243
-0.953274,-0.198388,0.316023
-0.970567,0.216889,0.720839
-0.403415,-0.3148,0.706501
-0.536143,-0.288347,0.558301
-0.508602,0.124261,0.845811
-0.452693,-0.283785,0.589052
-0.45858,-0.291158,0.589154
-0.568306,-0.280565,0.519399
-0.88515,0.243368,0.484189
-0.690568,-0.225963,0.274486
-0.824624,0.292766,1.03467
-0.866302,0.159259,0.887281
-0.925472,0.0458921,0.839572
-0.497989,-0.302683,0.766922
-1.84399,0.163999,1.00559
-1.0343,0.233693,0.769139
-1.84653,-0.0312631,1.02468
-1.06427,0.105869,0.819501
-0.466158,-0.214027,0.689664
-1.04905,0.0122713,0.722199
-0.878479,-0.236497,0.549798
-1.18964,-0.0500842,0.483501
-1.26989,-0.0826529,0.294893
-0.962638,-0.0654448,0.538204
-1.13862,0.272719,0.285963
-1.34951,-0.0466712,0.78998
-0.582206,-0.0478015,0.327309
-1.03417,0.00731166,0.71228
-1.12025,-0.10743,0.449256
-0.72898,-0.0832691,0.414258
-0.786456,-0.256386,0.212202
-0.793466,-0.260509,0.402894
-0.702301,-0.232572,0.272905
-0.789093,-0.245682,0.360258
-0.904389,0.350294,0.518141
-1.13098,-0.052213,0.259861
-1.17369,-0.0583967,0.298462
-1.20213,0.0696803,0.297234
-0.881261,0.00964267,0.884332
-0.524977,-0.216977,0.709749
-1.05418,-0.187275,0.635812
-0.84745,0.076776,0.730779
-0.887555,0.295316,0.190583
-0.307881,0.102826,0.78801
-0.395847,-0.255359,0.671888
-0.431308,0.203905,0.873611
-0.308627,0.222444,0.89339
-0.314811,0.227666,0.929627
-0.375038,0.159747,0.793387
-0.318362,0.265838,0.905124
-0.497096,0.304645,0.96518
-0.0581576,0.122763,0.796462
-1.05294,-0.295489,0.466081
-2.0411,0.314436,1.0478
-1.33342,-0.250276,0.310944
-0.896249,0.289919,0.0973013
-0.522035,-0.186573,0.163627
-0.542267,-0.200158,0.174773
-0.505079,-0.189502,0.173796
-0.519171,-0.195891,0.165036
-0.530448,-0.196244,0.16415
-0.951978,-0.0900465,0.54895
-0.834904,0.293105,0.431549
-1.15353,-0.22404,0.687515
-0.427493,-0.316367,0.70859
-0.477008,-0.296169,0.614727
-0.495368,-0.298676,0.620735
-0.509658,0.164695,0.576095
-0.820866,-0.228909,0.462434
-0.413433,-0.319833,0.726262
-0.824106,0.212426,0.434483
-0.645539,0.17603,1.17698
-0.863638,-0.210099,0.42445
-1.22397,-0.260878,0.890169
-0.395628,-0.239413,0.705257
-0.447851,-0.241588,0.679182
-1.70485,-0.0727919,0.818752
-1.90816,-0.0608696,0.763733
-1.94732,0.0252742,0.795899
-1.99644,-0.0392261,0.8003
-0.621582,0.148153,0.0202895
-1.0594,-0.14717,0.647444
-1.2191,0.131032,0.348383
-1.31602,0.401233,0.559535
-0.801313,0.0958966,0.988964
-0.919106,0.102947,1.0166
-1.04434,-0.204733,0.626248
-0.927715,0.0459467,0.841236
-0.728267,-0.221219,0.395015
-0.397655,-0.318977,0.727504
-0.392962,-0.244481,0.68962
-0.500657,-0.289547,0.794567
-0.403549,-0.229938,0.744566
-0.418653,-0.222468,0.695888
-0.569996,0.21581,0.470871
-0.653164,-0.225099,0.281044
-0.857901,0.0448841,0.966605
-1.24142,0.133197,0.350752
-1.17493,0.0521314,0.31802
-1.16992,0.0414436,0.287493
-1.17441,0.065887,0.2915
-0.590938,-0.248938,0.401283
-0.719311,-0.22336,0.23618
-0.590367,-0.279337,0.517781
-2.09926,0.0499839,1.11329
-2.09926,-0.0847905,1.20568
-0.863762,0.0416426,0.97337
-1.96435,0.0788173,1.1222
-0.401504,-0.242021,0.717126
-0.494061,-0.293618,0.602106
-0.460575,-0.314985,0.693475
-0.468249,-0.315873,0.653441
-0.476559,-0.314536,0.646896
-0.577564,-0.291284,0.5678
-0.438314,-0.238748,0.697208
-2.37989,0.0361769,0.943871
-0.981854,-0.16809,0.194369
-1.2178,-0.273862,0.409016
-1.30736,-0.307288,0.535135
-0.954645,-0.177517,0.246986
-0.97068,0.00186365,0.659524
-0.97489,0.281124,0.519469
-0.749029,0.248715,0.399084
-0.733343,0.20105,0.387546
-0.508228,-0.191073,0.184396
-0.491333,-0.197534,0.214715
-0.592863,-0.20118,0.194449
-0.48447,-0.210095,0.210982
-0.198658,0.082673,0.970938
0.0105222,0.106381,0.868189
-0.914431,-0.240432,0.567168
-0.808941,0.311984,0.133075
-1.09536,0.400846,0.328496
-1.42342,0.392278,0.168555
-1.27205,0.139901,0.360404
-0.972582,0.328856,0.121104
-1.02614,-0.260854,0.399834
-1.19179,0.0682364,0.294315
-1.37606,0.26775,0.303486
-1.91957,-0.387528,0.720088
-0.952899,0.103997,0.87223
-1.23843,-0.0354025,0.316053
-0.889726,0.281321,0.113917
-0.48032,0.101784,0.184021
-1.11073,0.216759,0.210231
-0.827902,-0.255717,0.392595
-0.669702,-0.218149,0.253391
-1.19351,0.320525,0.300102
-1.2232,0.30546,0.299263
-0.43696,-0.190279,0.178903
-0.465331,-0.210256,0.214682
-0.732632,0.23517,0.365599
-0.689348,0.210127,0.355435
-0.885195,-0.193529,0.29491
-0.656437,-0.242744,0.324662
-0.778383,-0.202574,0.182802
-1.33615,0.0793394,0.531192
-0.714323,-0.213829,0.23694
-0.69579,0.223795,0.388392
-2.21046,-0.132687,1.23052
-0.784367,0.252716,0.393923
-0.66043,-0.228746,0.305073
-0.950618,-0.183452,0.252178
-0.706205,-0.211153,0.229401
-0.947711,-0.180957,0.241864
-0.876351,0.300016,0.113547
-0.785699,0.319328,0.243216
-1.31989,0.438795,0.060107
-1.00859,0.273463,0.240291
-0.48378,-0.198181,0.215472
-0.482227,-0.200973,0.206711
-1.92473,0.074397,1.10211
-1.06332,-0.248905,0.775151
-0.613952,0.1444,0.681579
-0.854479,0.00609258,0.858944
-0.922442,-0.195959,0.557262
-1.09422,-0.215076,0.725239
-1.49697,-0.31525,0.956642
-0.882377,0.122827,0.919896
-0.964599,-0.172302,0.518791
-0.384775,0.0560152,0.216494
-1.18868,-0.132204,0.287313
-1.17896,-0.0294238,0.272281
-0.40432,0.0680285,0.146304
-0.118411,-0.0865132,0.0343214
-0.710002,0.0338247,0.325632
-1.06659,0.290831,0.701583
-0.977336,0.274225,0.77638
-0.623735,-0.204503,0.174929
-0.570931,-0.218241,0.235798
-0.956454,-0.22385,0.620732
-0.64742,-0.222269,0.245601
-0.630699,-0.222766,0.277087
-0.490062,-0.210797,0.227737
-0.578726,-0.224911,0.256148
-0.916923,0.258793,0.0472613
-0.683224,-0.240471,0.313561
-0.876331,0.379445,0.133835
-0.497738,-0.235912,0.301452
-0.48462,-0.304484,0.603987
-0.67459,-0.238789,0.303964
-0.620533,-0.210062,0.19434
-0.776533,-0.20716,0.0506821
-0.401241,-0.201225,0.611559
0.0774596,0.102205,0.79272
-0.490187,-0.244573,0.663382
-0.0896154,0.00816036,0.401847
0.0175477,-0.0578224,0.204783
0.0454749,-0.0638602,0.163804
0.0845573,-0.0708157,0.128392
0.0847818,-0.0708943,0.128072
-0.0804887,0.00420341,0.387745
-0.375076,-0.242107,0.69846
0.113967,0.124094,0.698593
0.0987156,-0.0688176,0.154073
-0.414837,-0.331193,0.724859
-0.40946,-0.236157,0.729538
-0.677562,-0.229129,0.290148
-0.641999,-0.237107,0.341834
-1.27457,-0.149078,0.460521
-0.726448,0.237438,0.381637
-0.703212,0.211646,0.367417
-0.871012,0.308507,0.431455
-0.606903,-0.236852,0.346991
-1.57819,0.200277,0.640127
-1.3322,0.193606,0.554327
-1.37958,0.109545,0.554438
-0.939109,0.0996403,0.880365
-0.666824,0.189526,1.19118
-0.442382,-0.233231,0.668775
-0.458,-0.255889,0.665077
-0.495319,-0.327445,0.692241
-0.495913,-0.189865,0.178063
-0.463189,-0.18699,0.181952
-0.599246,-0.195907,0.174002
-0.475087,-0.203743,0.178741
-0.498566,-0.183138,0.164949
-1.10125,-0.0895484,0.256897
-1.17674,0.251807,0.210517
-1.19345,-0.0395892,0.306554
-1.10946,-0.297342,0.397061
-1.15018,0.0436759,0.281682
-0.561618,-0.266158,0.464793
-1.08337,0.323092,0.743427
-1.0192,0.0745796,0.420971
-1.27411,0.361945,0.475375
-0.623075,-0.235157,0.304737
-2.2452,-0.0819299,1.26106
-2.13427,0.00871017,1.24604
-0.631685,0.230601,0.528851
-2.17897,0.224,1.27889
-0.782499,0.128224,0.803825
-0.827573,0.103925,0.932417
-2.099,-0.0969789,1.1982
-1.75258,0.0247076,1.02656
-0.499894,-0.21047,0.705989
-0.631185,-0.240548,0.360041
-0.632549,-0.237694,0.349192
-0.686095,-0.230788,0.271581
-0.696166,-0.217544,0.256651
-0.665958,-0.252133,0.39606
-0.588003,-0.270871,0.48617
-0.642927,-0.253757,0.36994
-0.64284,-0.249188,0.351617
-0.660073,-0.246171,0.336902
-0.69957,-0.231518,0.270275
-0.66668,-0.24276,0.322889
-0.655827,-0.244609,0.359111
-1.85623,-0.109454,0.954361
-2.22508,-0.0855544,1.24938
-2.11419,-0.0191831,1.20387
-0.958687,0.1254,0.848317
-0.832265,0.278217,1.04843
-1.24651,-0.292946,0.323151
-1.08218,-0.269511,0.364593
-1.24008,-0.190902,0.690893
-1.34771,-0.314763,0.542564
-1.775,0.248076,0.913023
-1.29601,-0.287868,0.382359
-1.04726,-0.27987,0.407505
-1.67169,-0.172754,0.913771
-0.584444,-0.267156,0.475166
-0.737961,-0.235143,0.230506
-0.694374,-0.238097,0.252979
-0.707814,-0.251034,0.295255
-0.700865,-0.251566,0.289432
-0.652388,-0.247793,0.294378
-0.680626,-0.254324,0.30341
-0.706043,-0.263373,0.331545
-0.716274,0.0455921,0.198843
-0.653433,-0.239411,0.310124
-0.64678,-0.225631,0.283723
-0.679639,-0.217416,0.256721
-0.63519,-0.231981,0.321484
-1.1405,0.464204,0.650004
-0.58913,0.16624,0.359852
-2.07617,0.00247731,1.14815
-0.484001,-0.290586,0.588845
-0.631324,-0.225977,0.239024
-0.641976,-0.206074,0.23122
-0.53864,-0.187297,0.145659
-0.647663,-0.211846,0.256983
-0.498333,-0.181234,0.157926
-0.534232,-0.183032,0.161558
-0.51859,-0.17909,0.144149
-0.497892,-0.215824,0.232473
-0.733275,0.250703,0.409658
-0.856601,0.345216,0.485128
-0.522082,0.168439,0.61343
-0.741223,-0.198531,0.17618
-1.0091,-0.174941,0.539361
-0.881192,-0.245621,0.353758
-0.812084,-0.233974,0.314503
-0.755536,-0.252458,0.204716
-1.56835,-0.0208139,0.856044
-0.885265,-0.130004,0.511982
-1.51211,-0.0718334,0.842259
-0.651439,-0.180588,0.136526
-0.731592,-0.224135,0.196497
-1.21873,0.300696,0.302495
-0.895863,0.113419,0.218877
-0.428568,-0.195845,0.192738
-0.993173,0.0094775,0.774822
-0.821349,0.222288,0.657649
-1.23216,0.350171,0.514374
-0.744653,-0.204622,0.0487223
-0.990455,0.171388,0.20423
-0.866096,0.203241,0.0899521
-1.0652,-0.222636,0.698918
-1.1172,0.150946,0.303967
-0.904844,0.0408877,0.832504
-1.21285,-0.20434,0.765939
-0.609631,-0.22407,0.267934
-0.805575,0.176405,0.0871121
-0.859764,0.287791,0.11527
-0.761656,-0.221975,0.164723
-0.698439,-0.207648,0.217112
-1.22196,-0.302925,0.367492
-1.17987,-0.322783,0.449479
-1.12821,-0.281644,0.439204
-1.63049,-0.0733568,0.654725
-1.74244,0.00233566,0.871762
-1.36936,0.0676546,0.538451
-3.38126,0.40677,1.87561
-2.18859,0.259354,1.19869
-0.797429,0.0809103,0.841061
-0.75091,0.0434435,1.3151
-0.905113,0.289747,0.11422
-0.91041,0.303505,0.120392
-0.883252,0.121245,0.87511
-1.16237,-0.284408,0.272052
-2.1844,-0.0912025,1.22666
-0.708452,-0.223154,0.238074
-0.746419,-0.218136,0.233464
-0.59203,-0.311768,0.634209
-1.93633,0.2011,1.08986
-0.855476,0.124193,0.908591
-0.724598,-0.205413,0.204984
-0.464704,0.126671,0.796077
-0.942268,0.305278,0.116512
-0.843074,-0.271086,0.397739
-0.760885,-0.213454,0.177314
-0.668511,-0.213532,0.238767
-0.474558,-0.210271,0.229882
-0.960508,0.101731,0.795066
-0.891256,0.00831101,0.722302
-1.42933,0.225434,0.594179
-0.410682,-0.190568,0.188251
-1.22196,0.357156,0.532519
-0.987305,0.123507,0.761651
-0.619043,-0.211163,0.19801
-0.486144,-0.206014,0.21029
-0.491533,-0.201737,0.230467
-0.445507,-0.201263,0.229139
-0.399172,-0.187572,0.177615
-0.495884,-0.186556,0.181246
-0.473986,-0.200073,0.226669
-1.05266,0.247352,0.757944
-0.581094,-0.200055,0.191318
-0.757425,-0.218296,0.204552
-0.957116,0.245011,0.0850493
-0.884197,0.344106,0.129067
-0.826922,-0.215736,0.225043
-0.769788,0.255006,0.208993
-1.78453,0.659622,0.0458124
-0.618931,-0.22688,0.297976
-0.858528,-0.267964,0.442253
-0.594336,-0.205161,0.166956
-0.946368,-0.193575,0.318701
-1.66577,0.153724,0.72782
-3.34035,-0.639744,1.4922
-1.64264,0.217035,0.848807
-1.07297,-0.198569,0.676587
-4.39601,0.597902,1.85992
-0.495728,0.153947,0.570886
0.0105514,0.165897,1.23156
-0.28467,0.137211,0.901746
-0.182549,0.157716,0.605564
-0.260235,0.297151,1.22614
0.0859315,0.0187051,0.57912
-0.391139,-0.168374,-0.106257
-0.552117,0.0619417,0.0916017
-0.827585,-0.141085,1.86807
-0.505775,0.125172,0.834474
-0.128806,-0.369683,1.07494
-0.33994,0.115384,0.822685
-0.715044,0.188466,1.3514
-0.140041,0.0636318,1.04665
-0.99199,-0.0456017,1.5085
-0.8562,0.282898,0.0950558
-0.85978,0.302847,0.114616
-0.582412,-0.282473,0.532134
-1.04768,-0.190107,0.64341
-0.882826,0.156581,0.802118
-1.20566,0.334294,0.534088
-0.940592,-0.172882,0.224086
-0.0014379,0.0955688,1.21317
-0.436407,-0.234045,0.668034
-0.42706,0.200094,0.866436
-0.2601,0.195675,0.925537
-0.350197,0.153849,0.785304
-0.292203,0.223972,0.924634
-0.323577,0.233464,0.921442
-0.400079,0.232626,0.858597
-0.512128,0.296827,0.983196
-0.0240522,-0.138586,0.0234301
-0.975639,0.208554,0.148759
-0.95892,0.231589,0.224747
-0.871577,0.251631,0.0360278
-0.420295,-0.206922,0.207316
-0.866223,0.294167,0.100459
-0.479448,-0.202144,0.233689
-0.602316,-0.197298,0.221924
-0.649871,-0.192037,0.159667
-0.594213,-0.214559,0.254185
-0.620691,-0.202203,0.22277
-0.579639,-0.225361,0.280191
-0.612178,-0.205824,0.179076
-0.91779,-0.242501,0.600523
-0.613986,-0.213847,0.209263
-1.25738,-0.170068,0.577677
-0.646928,-0.22868,0.30476
-0.683584,-0.254179,0.398542
-0.624827,-0.24812,0.391523
-0.863964,0.306966,1.07788
-1.72885,0.00523003,0.708774
-0.65816,-0.229099,0.292719
-0.709322,-0.226139,0.248235
-0.726541,-0.27193,0.358867
-1.27275,0.240286,0.278346
-0.604735,-0.0903731,0.330907
-0.918475,-0.0717693,0.380539
-1.14782,0.190184,0.271249
-0.778462,-0.240254,0.237777
-0.697418,-0.25015,0.297115
-0.496893,-0.294329,0.596682
-0.573279,-0.176618,0.153393
-0.928373,-0.212529,0.457213
-0.0609325,0.212345,1.34133
-1.01794,-0.369153,1.44061
-0.300858,0.100334,0.787481
-0.656728,0.168236,1.29536
-0.71058,0.184663,1.34361
0.0485655,0.128209,0.684848
0.0111272,0.16539,1.22378
0.142773,0.105701,0.807183
0.208121,0.088689,0.866718
0.1162,0.122319,0.809366
-0.406169,-0.220562,0.689958
0.274356,0.264994,1.16798
0.149315,0.156537,0.827831
-0.66957,-0.233427,0.308587
-0.719633,-0.214683,0.22724
-0.646574,-0.232482,0.326064
-0.61552,-0.273207,0.492936
-0.621107,-0.237382,0.33698
-0.605199,-0.278241,0.46956
-0.67405,-0.249152,0.343967
-1.16889,-0.151264,0.461915
-0.748982,-0.220503,0.218541
-0.575202,-0.198513,0.157823
-0.428382,-0.196218,0.175781
-0.425346,-0.194953,0.172084
-0.463555,-0.207467,0.20447
-0.917116,0.400761,0.139758
-0.826503,0.291213,0.41676
-0.878812,0.315862,0.0983694
-0.870106,0.303935,0.104819
-1.09424,-0.0538811,0.251218
-1.23783,0.156552,0.322374
-0.848869,0.302604,0.117821
-0.472072,-0.202137,0.183534
-0.475885,-0.190177,0.197904
-0.476516,-0.194636,0.201165
-0.906615,0.304831,0.115442
-0.436441,-0.18858,0.178259
-0.479852,-0.194935,0.182906
-0.629018,-0.211298,0.184724
-1.37444,-0.328185,0.609501
-1.37161,-0.149978,0.495538
-0.997469,-0.236761,0.324878
-1.43832,-0.117752,0.777882
-1.11331,-0.223716,0.705691
-0.912437,-0.0817683,0.536831
-0.78182,-0.246544,0.305979
-1.23044,-0.166447,0.766678
-0.525031,-0.186545,0.161862
-0.537603,-0.195192,0.145473
0.0922689,0.10493,0.67272
-0.417064,-0.22405,0.720195
-0.404234,-0.223247,0.712379
-0.458369,-0.214469,0.688893
-0.413668,-0.233255,0.689993
0.0902862,0.0841287,0.601479
0.00574817,0.106066,0.866423
0.0341182,0.124784,0.641367
0.115274,0.116057,0.741252
0.0543081,0.0946064,0.781684
-0.406079,-0.234239,0.695527
0.0854297,0.153445,0.823698
-0.129156,-0.369866,1.07555
-0.464934,-0.274066,0.711476
-0.585502,-0.42505,1.49671
-0.172402,-0.352837,1.01802
0.0564275,0.10929,0.835034
-0.506249,-0.248766,0.696872
0.119239,0.113447,0.791119
-0.461435,-0.214396,0.670804
-0.418038,-0.251617,0.684193
-0.415532,-0.254088,0.665991
-0.457535,-0.231403,0.658766
-0.416064,-0.231452,0.634368
-0.41883,-0.233179,0.685157
-0.413517,-0.233139,0.690863
-0.440013,-0.216236,0.702716
-0.438712,-0.233209,0.663091
-0.51109,-0.223793,0.718535
-0.472351,-0.255073,0.679735
-0.439849,-0.232038,0.653663
-0.428641,-0.22611,0.720044
-0.404714,-0.228832,0.670428
-0.166291,0.164287,0.701439
-0.427033,-0.250244,0.670262
-0.197226,0.192603,0.765323
-0.463783,-0.215638,0.696015
-0.401874,-0.225756,0.719243
-0.528454,-0.196076,0.150572
-0.436283,-0.217585,0.133332
-0.472026,-0.216031,0.116909
-0.471473,-0.221873,0.149804
-0.434858,-0.21098,0.109293
-0.853261,0.30466,0.111225
-0.869066,0.291582,0.0957725
-0.550159,-0.217619,0.140232
-0.53155,-0.192067,0.135944
-1.19417,-0.286413,0.331892
-1.20686,-0.30216,0.385535
-1.10182,-0.126164,0.23762
-2.00639,-0.0385688,0.80503
-0.823442,0.0903123,0.87259
-0.86093,0.329399,0.127137
-1.03361,0.191342,0.203781
-1.13263,-0.0923887,0.263133
-0.802791,-0.157384,0.133555
-0.398837,-0.188728,0.195467
-0.478585,-0.207133,0.190629
-0.490055,-0.210647,0.203271
-0.497564,-0.210593,0.201502
-0.703058,0.228079,0.356808
-0.849912,0.193077,0.201104
-0.501517,-0.212807,0.255809
-0.636735,-0.215167,0.201178
-0.856078,0.368393,0.130616
-0.483727,-0.233313,0.294113
-0.495932,-0.222692,0.25062
-1.00884,-0.154605,1.47299
-0.0877105,0.212103,1.36337
-0.496274,-0.350561,1.05464
-0.262905,0.0511127,1.46917
-0.513652,-0.212148,0.694457
-0.501276,-0.0658201,1.86327
-0.46963,-0.313485,0.824435
-0.42213,-0.222626,0.698456
-1.2777,-0.055238,4.32457
-0.497692,-0.0718209,1.82047
-0.41953,-0.221544,0.695721
0.00550481,0.151373,1.23704
-0.598368,0.45034,4.64946
-0.665284,0.173766,1.3113
-0.682666,0.500746,5.15538
-0.479978,0.304137,0.981434
-0.706993,-0.227436,0.248921
-0.870322,0.313471,0.0996489
-0.514024,-0.183747,0.152036
-0.50145,-0.187619,0.168845
-0.48059,-0.213215,0.225256
-0.652524,-0.209246,0.173125
-0.657281,-0.221104,0.21516
-0.589757,-0.228261,0.289685
-0.612231,-0.202651,0.18284
-0.59704,-0.220759,0.25389
0.0629397,0.110629,0.834847
-0.366149,-0.480096,1.32178
-0.910061,0.305868,0.193971
-0.811284,0.101186,0.378483
-0.785669,-0.0202258,0.618916
-0.663115,-0.18231,0.155745
-0.814678,-0.225464,0.214457
-0.832983,-0.222316,0.197135
-0.835351,-0.239288,0.280372
-0.793507,-0.253893,0.329475
-0.792045,-0.26674,0.379772
-0.912596,-0.228594,0.280112
-0.877888,-0.199398,0.219687
-0.44028,-0.223788,0.313246
-1.08209,0.22856,0.18336
-0.756124,-0.240224,0.382061
-0.79401,-0.249714,0.330572
-0.860563,-0.238782,0.363032
-0.859271,-0.235506,0.346554
-0.777484,-0.244971,0.311083
-0.160194,0.155504,0.667513
-0.676162,0.187543,1.85561
-0.883417,-0.224453,0.265389
-1.36928,0.234916,0.338634
-0.536131,-0.192123,0.166497
-0.537273,-0.198715,0.150781
-0.78643,-0.262439,0.378043
-0.817332,-0.259479,0.36451
-1.02768,0.194565,0.199821
-0.766998,-0.237015,0.3281
-0.647044,-0.0267141,0.295441
-0.628733,0.0155263,0.291526
-1.09147,0.423421,0.538691
-1.00672,0.435101,0.447722
-1.0025,0.403728,0.429956
-0.935159,0.245917,0.410529
-0.88612,0.205338,0.385056
-0.800603,0.284464,0.445707
-0.695672,0.0321577,0.320707
-1.25071,0.351939,0.465528
-1.21745,0.325945,0.307968
-0.591067,-0.214039,0.216386
-0.911461,0.309876,0.119028
-0.452252,0.123743,0.782178
-1.07828,-0.13083,1.57042
0.108075,0.124465,0.791595
-0.205535,0.160612,1.00103
-0.225581,0.130967,1.08136
0.00600845,0.0707646,1.23998
0.020698,0.0282435,1.01257
-0.484686,0.271366,0.902864
-0.353481,0.168878,1.04309
-0.107821,0.10369,1.20737
0.0349325,0.109826,0.860564
-0.539803,-0.181828,0.155264
-0.499534,-0.172144,0.114584
-1.10615,0.27452,0.140031
-1.08532,-0.147654,0.667397
-0.646512,-0.198451,0.131135
-0.60842,-0.222469,0.283691
-0.498444,-0.187424,0.167494
-0.795907,0.270923,0.216
-0.680801,-0.249247,0.335203
-0.534317,-0.187959,0.151638
-0.546603,-0.189383,0.154689
-1.04038,-0.374323,1.46741
-0.403144,-0.248145,0.732847
-0.0420786,-0.426717,1.3445
-0.807792,0.0917574,1.22756
-0.402988,-0.228669,0.747806
0.0255631,0.108906,0.868726
-0.276916,0.203173,0.894948
-0.279339,0.103339,0.845082
0.06951,0.110527,0.828123
-0.867012,0.294321,0.0983742
-0.866163,0.294736,0.0935358
-1.01956,-0.221419,0.678198
-0.461852,-0.190248,0.195677
-0.604904,-0.198001,0.187475
-0.494434,-0.196017,0.204025
-0.468019,-0.196204,0.189133
-0.439601,-0.188998,0.178836
-0.482443,-0.196034,0.186601
-0.558855,-0.21079,0.215731
-0.470145,-0.194557,0.158751
-0.96802,0.263378,0.352221
-0.434681,-0.201519,0.216275
-0.47443,-0.205894,0.195186
-0.543445,-0.193335,0.125908
-0.511073,-0.17069,0.110253
-0.745694,0.246018,0.209131
-0.454905,-0.169218,0.102912
-0.884775,0.30183,0.222734
-0.566453,-0.188593,0.152298
-0.584565,-0.195709,0.145299
-0.555274,-0.183754,0.130533
-0.821466,0.292896,0.432991
-0.666506,0.209709,0.3941
-1.06196,0.456319,0.520173
-0.973756,0.408674,0.478837
-1.60568,0.645855,0.818833
-0.872495,0.36812,0.268119
-0.430617,-0.194512,0.216318
-0.471653,-0.200427,0.205494
-0.749075,0.29169,0.338819
-0.893269,0.308313,0.115096
-0.494695,-0.200102,0.223796
-0.797513,0.35142,0.164109
-0.857813,0.329963,0.12292
-1.04397,-0.308127,0.519618
-1.14708,0.41899,0.265227
-0.355634,-0.176812,0.115702
-0.527622,-0.195049,0.146293
-0.784335,0.259085,-0.0249279
-0.743075,0.171792,0.0550482
0.116362,0.1219,0.805867
-0.327286,0.132648,1.09281
-0.0439491,0.111035,0.747625
-0.0433451,0.108707,0.737292
-0.9045,0.370679,0.446983
-0.282653,0.102975,0.842473
-0.779755,0.257375,0.398473
-0.401674,-0.194905,0.192698
-1.19664,-0.131591,0.288594
-1.18738,-0.247967,0.778895
-1.06889,0.266649,0.248655
-1.34365,0.226617,0.343524
-0.720004,0.153792,0.0673736
-0.449543,-0.200159,0.240793
-0.871218,0.314304,0.11364
-0.803128,0.322661,0.236448
-0.866876,0.33466,0.124431
-0.788775,0.350166,0.191508
-0.903889,0.297119,0.116452
0.0769698,0.112128,0.824162
-0.833418,0.285388,1.05569
-0.53586,0.166256,0.640768
-0.887896,0.321382,0.100974
-0.994987,-0.131772,2.2252
-1.10914,0.373844,0.0206869
-0.808998,0.319284,0.221965
-0.587364,-0.191367,0.200231
-0.61912,-0.202553,0.202479
-0.667464,-0.187567,0.168661
-0.634189,-0.209097,0.225893
-0.628905,-0.221483,0.304202
-0.630046,-0.197627,0.128263
-0.645384,-0.223512,0.262605
-0.516788,-0.183732,0.166504
-0.816202,0.308707,0.360664
-0.742014,0.216679,-0.00153973
-0.73766,0.250992,0.395074
-0.825373,-0.26572,0.368736
-1.08538,-0.166446,0.19498
-0.824407,-0.230907,0.248927
-0.641764,-0.211877,0.184227
-0.860483,-0.267607,0.389616
-0.930008,-0.247656,0.299985
-0.484457,-0.203665,0.218691
-0.46825,-0.204677,0.193205
-0.474584,-0.197987,0.215599
-0.710652,0.224828,0.374177
-0.40618,-0.198947,0.192896
-0.847743,0.324648,0.122861
-0.904449,0.279722,0.0191099
0.229544,0.133256,1.06682
-0.271823,0.295712,1.19575
-0.0257786,0.044984,0.462403
-0.0936872,0.205117,1.3676
-0.276449,0.29654,1.19613
0.118843,0.109476,0.77853
0.122119,0.125326,0.813574
0.154371,0.135888,0.810935
0.235528,0.125942,0.960484
0.154672,0.142761,0.831939
0.162828,0.109067,0.851221
-0.411476,-0.251951,0.718682
-0.920609,0.127073,0.223646
-0.492398,-0.185006,0.174094
-0.537021,-0.181728,0.156537
-0.497974,-0.180578,0.154849
-0.558373,-0.191699,0.118149
-0.506698,-0.17633,0.133192
-0.523829,-0.186729,0.145772
-0.46496,-0.191108,0.170598
-0.451531,-0.1917,0.17629
-0.5055,-0.177184,0.135233
-0.50658,-0.194275,0.177199
-0.473638,-0.188232,0.174359
-0.465514,-0.191416,0.170931
-0.549317,-0.202891,0.142274
-0.478895,-0.201581,0.229005
-0.840027,-0.238418,0.265456
-0.491429,-0.207679,0.216042
-1.31435,0.0524485,0.352427
-0.48428,-0.195465,0.219991
-0.699186,0.330612,-0.0488123
-0.697574,0.224463,0.363239
-0.769047,0.19647,0.42287
-0.874643,0.303531,0.0961103
-0.036348,-0.39012,1.24802
-0.40253,-0.254075,0.736304
-1.09718,-0.199239,0.71581
-0.851418,0.300246,0.0992538
-1.27538,-0.205171,0.763307
-0.538026,-0.197132,0.14179
-0.516072,-0.200689,0.160589
-1.07515,-0.14953,0.690085
-1.49971,-0.157257,0.575057
-1.14061,0.239944,0.200273
-1.49627,-0.192728,0.432373
-0.521231,-0.172847,0.139647
-0.510324,-0.182187,0.146692
-0.602137,-0.192077,0.164667
-0.597117,-0.207652,0.176734
-0.513321,-0.178425,0.139151
-0.72903,0.247373,0.390469
-0.899752,-0.00614856,0.703025
-1.23709,-0.155692,0.482482
-0.0422889,-0.428686,1.35874
-0.419402,-0.222412,0.706467
-0.487745,-0.421272,1.48271
0.0600505,0.117815,0.678702
-0.437834,0.26191,0.838586
-0.479401,-0.205705,0.22832
-0.482781,-0.203333,0.217914
-0.462284,-0.201494,0.177831
-0.90853,0.298664,0.116954
-0.339662,0.203029,0.988653
-0.539229,0.150279,0.883977
-0.023878,0.0493164,1.27245
-0.119773,0.106762,1.20642
-0.565761,-0.209131,0.278141
-0.449285,-0.185225,0.177028
-0.515479,-0.199337,0.216148
-0.474103,-0.198399,0.198854
-0.845294,0.214217,0.0636672
-0.77971,0.199751,0.427137
-1.04616,0.367788,0.205998
-0.862514,0.234319,0.471458
-0.774563,-0.252098,0.327322
-0.819334,-0.24316,0.283686
-0.661676,-0.234628,0.281773
-0.68065,-0.222816,0.275892
-0.653588,-0.199838,0.134278
-1.24254,-0.239145,0.74404
-1.12199,0.419936,0.355804
-0.513074,-0.187142,0.16567
-0.543315,-0.19372,0.129457
-0.483457,-0.186106,0.161942
-1.30132,0.389467,0.557048
-0.817493,0.286476,0.414846
-0.432869,-0.193988,0.182464
-0.644965,-0.206076,0.183496
-0.852438,0.305956,0.111949
-0.49811,-0.185883,0.175966
-1.0048,0.284706,0.0743066
-0.868344,0.275561,0.110209
-0.862229,0.306009,0.233247
-0.615886,-0.197824,0.185159
-0.671809,-0.185783,0.166088
-0.511457,-0.186852,0.164182
-0.842001,0.370698,0.130837
-0.704942,0.0968311,1.32714
-0.308216,0.108389,0.941376
-0.444154,-0.272067,0.721132
-0.214082,-0.471619,1.42086
-0.516351,-0.189284,0.154978
-0.72134,0.344936,-0.0510978
-0.780003,-0.165248,0.171906
-0.888624,0.292466,0.149191
-0.870456,0.310369,0.117662
-0.715369,0.348451,-0.0488266
-0.953732,0.348193,0.125306
-0.840785,0.292512,0.111451
-0.495036,-0.214855,0.227162
-0.395247,-0.193218,0.185672
-0.402401,-0.185157,0.163221
-0.86338,0.369728,0.138947
-0.860653,0.286437,0.0959743
-0.479433,-0.195591,0.218617
-0.50137,-0.213409,0.237092
-0.41555,-0.224208,0.703912
-0.394391,-0.247247,0.694844
-0.576371,-0.242865,0.801415
-0.0244357,-0.374446,1.18121
-0.0512758,0.0143154,0.704224
-0.394727,-0.240321,0.688565
0.0862884,0.150976,0.817188
0.0426777,0.082448,0.751556
0.089248,0.125387,0.738472
-0.446232,-0.260477,0.695994
-0.431777,-0.215144,0.694559
-0.42652,-0.221413,0.678228
-0.426039,-0.23568,0.674122
0.0191358,0.0611566,1.02084
0.113689,0.158568,0.804005
0.0944709,0.113273,0.809423
-0.0291471,0.113727,0.810015
0.0494629,0.109513,0.846118
0.161837,0.121008,0.881386
-0.393111,-0.245864,0.698382
0.155125,0.138084,0.818428
0.211008,0.158564,0.908453
-0.453248,-0.216477,0.137266
-0.51251,-0.220294,0.150959
-0.484388,-0.217608,0.127672
-0.500511,-0.222926,0.164253
-0.450002,-0.213116,0.112365
-0.7387,0.245181,0.384295
-0.449333,-0.210566,0.215319
-0.588057,-0.20552,0.170028
-0.546432,-0.186335,0.162242
-0.461682,-0.199813,0.2052
-0.474792,-0.220678,0.245036
-0.373501,0.266175,0.987715
-0.104074,0.0161456,0.260253
0.085698,0.113539,0.822088
-1.03719,-0.00400757,1.31173
-1.1457,-0.00197853,1.4705
-0.547632,-0.224307,0.258596
-0.432636,-0.191091,0.190848
-0.483468,-0.192178,0.204609
-0.488444,-0.203483,0.238336
-0.510274,-0.195231,0.198652
-1.33908,0.102666,0.536311
-0.778266,0.31837,0.24415
-0.616057,0.0453901,0.150857
-0.504773,-0.186078,0.178523
-0.507554,-0.18299,0.164701
-0.516307,-0.179229,0.148623
-0.538861,-0.221371,0.149461
-0.117345,0.143399,0.651623
0.226492,0.189355,0.939492
-0.916221,0.340395,0.104035
-0.484809,-0.172418,0.11618
-0.513147,-0.187518,0.150145
-1.03081,0.376371,0.304681
-1.09519,0.281795,0.270811
-0.969106,0.255611,0.182486
-0.915793,0.312348,0.119617
-0.939333,0.265294,0.0599409
-0.607263,-0.184176,0.151494
-0.849539,-0.165062,0.175736
0.0031603,0.137159,1.22817
-0.84603,0.114247,0.396819
-0.649808,-0.011103,0.297925
-0.587474,-0.0376244,0.268513
-0.937321,0.0352273,0.425243
-1.08795,0.425733,0.540935
-1.25343,0.493106,0.602294
-0.629671,-0.0282563,0.290409
-0.862996,0.328674,0.495364
-0.944736,0.414577,0.465019
-0.866579,0.206017,0.390433
-0.630341,-0.0276489,0.290461
-0.585797,-0.0525046,0.250914
-0.788004,0.0540995,0.362356
-0.965812,0.350323,0.48717
-0.48686,-0.189708,0.194515
-0.475384,-0.191998,0.205682
-0.857904,0.387472,0.234502
-0.818667,0.364089,0.167917
-0.860458,-0.189288,0.176403
-0.607535,-0.191582,0.177692
-0.465932,-0.18648,0.182691
-0.618972,-0.229889,0.267541
-0.591011,-0.218387,0.268207
-0.560129,-0.199622,0.214933
-0.730703,-0.220162,0.209564
-0.508179,-0.197592,0.133682
-0.479248,-0.208403,0.204817
-0.492395,-0.183375,0.166866
-0.479801,-0.197607,0.212595
-0.663748,0.0608558,1.07756
-0.678691,-0.543994,1.95654
-0.957094,-0.234809,0.291955
-0.807531,-0.219602,0.190916
-0.546134,-0.200204,0.159814
-1.17409,0.430051,0.264984
-1.05389,-0.373252,1.47761
-1.02996,-0.369866,1.45628
-0.486791,-0.200872,0.224784
-0.874501,0.318366,0.100041
-1.09685,0.414381,0.341511
-0.851217,0.296882,0.113572
-0.38313,-0.178768,0.100701
-0.409464,-0.184611,0.100977
-1.20892,0.445803,0.277797
-0.945473,0.234148,0.359089
-1.1378,0.414636,0.267178
-0.5092,-0.198409,0.177041
-0.446124,-0.201796,0.218113
-0.447669,-0.202804,0.188542
-0.61355,-0.201199,0.201351
-0.845774,0.27147,0.150705
-0.620928,-0.195624,0.177797
-0.596582,-0.191542,0.198042
-0.496189,-0.214621,0.227548
-0.494959,-0.216396,0.224547
-0.849369,0.362675,0.13778
-0.788351,0.291521,0.217286
-0.491662,-0.20151,0.230233
-0.53394,-0.173494,0.12166
-0.671805,0.224014,0.471155
-0.813276,0.29367,0.467573
-1.1337,0.447223,0.601882
-0.477784,-0.20714,0.200574
-1.1034,0.271852,0.283176
-0.729542,0.246952,0.495035
-0.517291,-0.226436,0.260743
-0.990376,0.283132,0.661653
-0.504267,-0.219946,0.237219
-0.473754,-0.23851,0.239764
-0.499692,-0.224836,0.257115
-0.995331,0.166929,0.216611
-0.488056,-0.216325,0.253151
-0.474156,-0.238526,0.240169
-1.09142,0.389265,-0.0223751
-0.529181,-0.177492,0.13119
-0.934237,0.201026,0.132296
-1.13029,0.218848,0.22017
-0.134824,0.0589149,1.00374
-0.261123,0.136611,0.905404
0.0315601,0.114031,0.991916
-0.0590768,0.140864,0.890208
-0.79355,0.161665,1.89596
-0.234871,0.25591,1.07079
-0.782718,0.0817691,1.27317
-0.0632928,0.196368,1.28183
0.00547885,0.153034,1.24702
-0.854512,0.158166,0.145427
-0.784575,0.150752,1.87775
0.0336584,0.130712,0.665787
-0.447226,-0.217588,0.70936
-0.393569,-0.246515,0.693296
0.115364,0.119937,0.75487
-0.161161,0.157113,0.668609
-0.730027,0.129011,1.35234
-0.316309,-0.155286,-0.189631
-0.622839,-0.192937,0.187753
-0.7957,0.267154,0.235998
-0.596497,-0.19691,0.180459
-0.69599,-0.214518,0.197528
-0.598054,-0.211253,0.193417
-0.628094,-0.205907,0.164374
-0.363338,0.128624,0.79242
-0.0709033,0.0544919,1.24589
-0.494184,-0.17539,0.120244
-0.547907,-0.178813,0.146128
-0.51513,-0.195717,0.150434
-0.567945,-0.225521,0.156938
-0.44066,-0.0143526,0.124978
-0.706492,-0.206686,0.223952
-0.508807,-0.222994,0.142259
-0.518347,-0.201574,0.163319
-0.501561,-0.203505,0.172813
-0.565883,-0.199259,0.145046
-0.502823,-0.199738,0.16825
-0.49224,-0.215829,0.137849
-0.465058,-0.212678,0.107598
-0.52527,-0.192425,0.153149
-0.509964,-0.200117,0.171228
-0.517728,-0.202919,0.175816
-0.509252,-0.184027,0.169545
-0.503614,-0.189761,0.177372
-0.527128,-0.187606,0.166383
-0.507741,-0.193828,0.158123
-0.0762911,-0.426709,1.31447
-1.04405,-0.377087,1.47239
-0.77333,0.213838,0.0218449
-0.525807,-0.183066,0.162551
-0.497508,-0.187239,0.110917
-0.870119,0.311574,0.0976195
-0.841672,0.272576,0.180683
-0.222341,0.186545,0.920528
-0.16579,0.158989,0.67992
-0.337298,0.147276,0.766715
-0.292911,0.209234,0.923992
-0.370763,0.155821,0.786275
-0.451045,0.275569,0.901494
0.0102776,0.105864,0.871697
-0.17397,0.070474,1.07221
-0.372063,-0.227729,0.69578
-0.422183,-0.238799,0.707365
0.0328986,0.110242,0.98338
0.00974719,0.077478,0.801743
-0.393613,0.249706,0.853916
-0.394425,-0.246587,0.700533
0.156148,0.146965,0.848281
0.108293,0.121181,0.780434
0.115973,0.116965,0.785586
-0.205552,0.180135,1.02785
-0.0324591,0.0366067,1.29993
-0.251439,0.105546,1.05665
0.0420602,0.117978,0.632267
-0.816395,0.171462,1.9438
-0.406981,-0.233539,0.709108
-0.427566,-0.231185,0.707652
0.0224423,0.0977035,0.841355
-0.46893,-0.236192,0.675805
-0.413829,-0.227847,0.711062
-0.386102,-0.244409,0.629299
-0.447154,-0.234756,0.661612
-0.429729,-0.259768,0.710008
-0.0202632,-0.36553,1.14724
0.0745092,0.148074,0.784216
0.115815,0.118467,0.745885
-0.45279,-0.213259,0.648651
-0.440219,-0.23802,0.657622
0.0895698,0.130786,0.760669
0.0854176,0.113712,0.821135
0.114715,0.106968,0.710967
-0.140634,0.0651657,1.06268
-0.2931,0.107404,0.866668
-0.279245,0.113519,0.869383
0.053893,0.120941,0.894035
-0.358988,0.127019,0.783908
-0.165966,0.157597,0.973121
-0.056032,0.0442912,1.16957
-0.0273041,0.0363662,1.3143
-0.0720811,0.183451,1.33002
-0.317157,0.0705569,1.0915
0.0449078,0.112433,0.860018
-0.206641,0.192863,1.03442
-0.916617,0.104274,1.42318
-1.02222,0.126479,1.44225
-1.01882,-0.0271223,1.49414
